,home_team_id,guest_team_id,home_goals,guest_goals
0,2394,266,0,1
1,266,409,1,0
2,17444,266,2,1
3,266,170,1,1
4,11609,266,0,0
5,266,122,1,2
6,856,266,3,0
7,14,266,1,1
8,266,413,5,2
9,413,266,2,2
10,266,2394,3,0
11,409,266,1,1
12,266,17444,3,0
13,170,266,1,0
14,266,11609,1,0
15,122,266,0,2
16,266,856,0,0
17,266,14,0,2
18,170,266,2,1
19,266,409,1,2
20,2394,266,1,1
21,266,17444,0,1
22,122,266,1,0
23,266,856,3,0
24,11609,266,1,0
25,266,14,0,1
26,413,266,3,0
27,266,413,2,2
28,266,170,1,3
29,409,266,2,0
30,266,2394,2,1
31,17444,266,2,0
32,266,122,1,2
33,856,266,3,1
34,266,11609,3,1
35,14,266,2,0
36,8394,266,0,3
37,4443,266,1,2
38,7448,266,0,2
39,266,541,1,1
40,266,122,0,1
41,122,312,0,1
42,141,122,1,1
43,265,122,1,0
44,122,265,0,1
45,312,122,2,1
46,122,141,1,0
47,122,1242,2,1
48,1242,122,1,1
49,12889,122,1,2
50,122,12889,5,0
51,122,6414,1,1
52,6414,122,0,1
53,170,122,2,1
54,122,17444,3,0
55,122,856,2,0
56,11609,122,1,3
57,122,14,0,1
58,122,413,3,3
59,409,122,4,2
60,2394,122,0,1
61,122,2394,0,0
62,122,170,1,0
63,17444,122,0,0
64,856,122,0,2
65,122,11609,4,0
66,14,122,1,0
67,413,122,2,2
68,122,409,0,0
69,122,14,2,2
70,11609,122,0,3
71,122,856,4,0
72,413,122,1,2
73,17444,122,0,0
74,122,170,1,1
75,409,122,3,0
76,2394,122,0,3
77,122,2394,1,1
78,14,122,1,0
79,122,11609,3,2
80,856,122,0,0
81,122,413,0,1
82,122,17444,1,0
83,170,122,4,1
84,122,409,0,2
85,17556,122,2,4
86,2446,122,0,1
87,122,409,2,0
88,122,503,1,0
89,17444,122,0,1
90,413,856,4,0
91,856,170,2,1
92,856,409,2,3
93,2394,856,0,1
94,856,11609,4,1
95,17444,856,3,0
96,856,14,1,3
97,14,856,1,0
98,856,413,3,2
99,170,856,4,0
100,409,856,2,0
101,856,2394,4,1
102,11609,856,0,3
103,856,17444,1,3
104,2394,856,2,2
105,856,17444,1,0
106,856,14,1,1
107,11609,856,2,4
108,856,413,2,1
109,170,856,3,0
110,856,409,1,6
111,409,856,2,0
112,856,2394,3,1
113,17444,856,2,1
114,14,856,5,1
115,856,11609,1,1
116,413,856,2,0
117,856,170,1,3
118,4375,856,2,0
119,413,14,4,5
120,409,413,3,2
121,413,2394,4,0
122,170,413,4,1
123,413,17444,4,2
124,413,11609,3,1
125,14,413,3,0
126,413,409,0,0
127,2394,413,7,2
128,413,170,3,3
129,17444,413,4,1
130,11609,413,1,1
131,17444,413,4,0
132,413,170,4,2
133,409,413,3,0
134,14,413,0,1
135,413,11609,0,0
136,413,2394,1,1
137,413,17444,1,1
138,170,413,0,0
139,413,409,0,0
140,413,14,0,1
141,11609,413,2,2
142,2394,413,2,0
143,12267,413,1,4
144,4378,413,1,3
145,413,14,1,0
146,17444,413,2,1
147,621,14,3,0
148,14,982,1,1
149,14,86,2,2
150,86,14,2,0
151,14,621,0,3
152,982,14,5,1
153,448,14,1,1
154,14,448,4,2
155,2783,14,2,2
156,14,2783,3,2
157,409,14,2,1
158,14,2394,3,0
159,14,17444,2,1
160,14,170,1,1
161,11609,14,2,1
162,14,409,1,0
163,2394,14,1,0
164,17444,14,4,3
165,170,14,4,1
166,14,11609,1,0
167,14,2394,4,3
168,14,11609,4,1
169,170,14,2,0
170,14,409,1,1
171,14,17444,1,0
172,17444,14,0,1
173,2394,14,1,1
174,11609,14,0,2
175,14,170,1,0
176,409,14,0,1
177,7002,14,0,4
178,7443,14,0,6
179,17444,11609,3,1
180,17444,409,1,1
181,17444,2394,2,3
182,170,17444,3,1
183,17444,170,0,4
184,11609,17444,0,0
185,17444,409,2,3
186,2394,17444,3,1
187,17444,170,2,2
188,409,17444,1,1
189,2394,17444,2,3
190,17444,11609,2,1
191,170,17444,3,0
192,409,17444,4,2
193,17444,2394,3,1
194,11609,17444,2,2
195,4509,17444,1,3
196,935,17444,1,1
197,2231,17444,1,3
198,11609,17444,0,4
199,2394,11609,3,2
200,409,2394,4,0
201,2394,170,0,1
202,11609,2394,1,1
203,2394,409,0,2
204,170,2394,3,1
205,11609,2394,0,1
206,2394,170,2,2
207,409,2394,1,0
208,2394,11609,0,0
209,170,2394,5,3
210,2394,409,2,0
211,4443,2394,3,1
212,170,41,3,0
213,371,170,1,1
214,1017,170,5,1
215,170,1017,0,3
216,41,170,2,0
217,170,371,3,3
218,170,8671,5,0
219,8671,170,0,3
220,170,8554,2,1
221,8554,170,2,2
222,170,405,1,0
223,405,170,2,1
224,170,11609,5,1
225,170,409,2,2
226,11609,170,1,3
227,409,170,0,0
228,170,409,0,1
229,11609,170,2,4
230,170,11609,1,0
231,409,170,1,1
232,4320,170,2,3
233,4405,170,1,7
234,2157,170,1,2
235,11609,170,3,2
236,11609,409,1,2
237,409,11609,7,1
238,409,11609,1,0
239,11609,409,0,2
240,10380,11609,2,4
241,10281,11609,1,2
242,11609,2364,3,2
243,409,9211,1,1
244,9211,409,0,1
245,409,419,1,1
246,419,409,1,2
247,409,1064,1,2
248,1064,409,3,0
249,398,409,1,2
250,409,1050,2,0
251,409,156,1,0
252,156,409,0,1
253,409,398,2,1
254,1050,409,0,1
255,3057,409,3,2
256,409,3057,0,0
257,1521,409,1,7
258,10131,409,0,1
259,266,122,0,3
260,856,266,1,4
261,266,413,1,0
262,14,266,0,1
263,17444,266,0,5
264,266,2394,1,0
265,2444,266,1,0
266,266,170,3,1
267,409,266,1,0
268,266,409,1,2
269,122,266,0,1
270,266,856,1,3
271,413,266,0,3
272,266,14,2,1
273,266,17444,2,0
274,2394,266,3,3
275,266,2444,1,0
276,170,266,3,0
277,266,17444,1,0
278,14,266,1,0
279,266,413,2,0
280,122,266,1,0
281,266,2444,2,2
282,170,266,2,0
283,266,409,2,2
284,2394,266,2,1
285,266,856,1,1
286,856,266,2,2
287,17444,266,0,2
288,266,14,1,1
289,413,266,1,1
290,266,122,0,0
291,2444,266,1,1
292,266,170,2,1
293,409,266,2,2
294,266,2394,2,0
295,4443,266,0,5
296,2615,266,0,4
297,413,266,0,1
298,266,122,2,1
299,266,170,2,1
300,266,541,2,0
301,122,663,2,0
302,663,122,1,1
303,122,506,1,2
304,506,122,1,0
305,122,2394,2,0
306,2444,122,2,2
307,122,170,0,2
308,409,122,2,0
309,122,17444,4,2
310,122,856,2,0
311,413,122,0,4
312,122,14,0,2
313,14,122,2,3
314,2394,122,0,4
315,122,2444,2,0
316,170,122,3,1
317,122,409,0,0
318,17444,122,0,3
319,856,122,1,1
320,122,413,5,0
321,409,122,2,1
322,122,2394,2,0
323,856,122,1,1
324,14,122,2,2
325,122,413,1,1
326,122,17444,1,0
327,2444,122,1,0
328,122,170,3,3
329,170,122,0,2
330,122,409,0,3
331,2394,122,0,5
332,122,856,4,0
333,122,14,1,1
334,413,122,0,2
335,17444,122,1,2
336,122,2444,2,1
337,10044,122,1,2
338,4320,122,1,2
339,1521,122,0,1
340,14,856,2,0
341,2394,856,3,1
342,856,2444,0,2
343,170,856,2,0
344,856,409,1,0
345,856,17444,0,3
346,856,413,3,3
347,413,856,0,1
348,856,14,0,3
349,856,2394,0,1
350,2444,856,2,1
351,856,170,2,2
352,409,856,1,0
353,17444,856,1,0
354,856,14,1,2
355,413,856,0,1
356,2444,856,2,0
357,856,170,1,0
358,409,856,2,0
359,856,2394,1,1
360,17444,856,2,1
361,14,856,0,1
362,856,413,1,1
363,856,2444,2,1
364,170,856,0,0
365,856,409,0,1
366,2394,856,2,1
367,856,17444,1,1
368,9128,856,1,5
369,7448,856,1,2
370,2157,856,0,1
371,170,856,2,0
372,17444,413,5,0
373,413,14,3,4
374,413,2394,0,1
375,2444,413,2,0
376,413,170,1,0
377,409,413,0,0
378,413,17444,2,1
379,14,413,4,1
380,2394,413,4,1
381,413,2444,0,0
382,170,413,5,0
383,413,409,1,2
384,2394,413,2,2
385,413,14,0,4
386,413,17444,2,3
387,413,2444,0,1
388,170,413,0,0
389,413,409,1,1
390,409,413,0,1
391,413,2394,0,3
392,14,413,5,0
393,17444,413,0,0
394,2444,413,1,0
395,413,170,1,2
396,28760,413,1,2
397,8086,413,2,4
398,14,1242,2,2
399,1242,14,0,1
400,318,14,1,3
401,14,318,3,0
402,605,14,1,0
403,14,605,1,1
404,17444,14,0,0
405,2394,14,1,1
406,14,2444,0,3
407,170,14,0,1
408,14,409,0,0
409,14,17444,1,1
410,14,2394,5,1
411,2444,14,0,1
412,14,170,0,1
413,409,14,1,1
414,14,17444,4,0
415,2444,14,0,3
416,14,170,0,1
417,409,14,1,1
418,14,2394,2,0
419,2394,14,3,3
420,17444,14,4,2
421,14,2444,1,0
422,170,14,0,3
423,14,409,2,4
424,13378,14,0,3
425,6244,14,0,3
426,14,2444,2,1
427,14,541,0,4
428,170,17444,1,2
429,409,17444,4,2
430,17444,2394,3,0
431,2444,17444,0,0
432,17444,2444,1,0
433,17444,170,1,1
434,17444,409,1,0
435,2394,17444,1,2
436,17444,170,2,0
437,17444,409,1,0
438,17444,2394,1,1
439,17444,2444,2,2
440,2444,17444,1,0
441,170,17444,4,1
442,409,17444,4,0
443,2394,17444,0,1
444,7448,17444,1,0
445,2394,409,0,0
446,2394,2444,2,4
447,170,2394,3,2
448,2394,170,0,0
449,409,2394,0,2
450,2444,2394,1,3
451,2394,2444,0,0
452,170,2394,2,0
453,2394,409,0,1
454,2444,2394,1,1
455,2394,170,1,1
456,409,2394,4,2
457,7443,2394,1,2
458,2394,5192,3,1
459,2394,2231,2,0
460,2364,2394,0,2
461,2394,541,1,2
462,720,170,3,0
463,170,114,1,2
464,208,170,0,2
465,170,208,1,2
466,170,720,1,3
467,114,170,2,0
468,8047,170,0,2
469,170,8047,4,2
470,6764,170,1,1
471,170,6764,3,0
472,170,405,1,1
473,405,170,2,3
474,2444,170,4,0
475,170,409,2,1
476,170,2444,1,1
477,409,170,1,1
478,170,2444,3,3
479,409,170,1,1
480,2444,170,0,3
481,170,409,1,2
482,7001,170,2,5
483,4383,170,1,1
484,170,4467,3,0
485,409,2444,4,0
486,2444,409,0,1
487,2444,409,1,1
488,409,2444,2,3
489,771,2444,0,3
490,18585,2444,1,5
491,409,4313,5,0
492,4313,409,1,0
493,829,409,1,1
494,409,829,4,1
495,409,1017,2,3
496,1017,409,1,1
497,409,281,0,2
498,238,409,2,0
499,409,506,1,1
500,506,409,0,0
501,281,409,3,0
502,409,238,0,1
503,18532,409,1,4
504,2157,409,3,1
505,266,383,0,0
506,383,266,5,0
507,266,206,2,0
508,206,266,4,2
509,266,122,1,1
510,14,266,2,1
511,170,266,0,0
512,266,409,1,3
513,856,266,2,3
514,266,2394,1,0
515,2444,266,0,5
516,266,503,1,1
517,17444,266,2,2
518,122,266,1,0
519,266,14,2,1
520,266,856,2,0
521,409,266,1,1
522,266,170,1,1
523,2394,266,1,3
524,266,2444,1,0
525,503,266,1,1
526,266,17444,2,0
527,266,122,1,1
528,14,266,2,0
529,856,266,4,1
530,266,409,0,1
531,170,266,1,0
532,266,2394,3,0
533,2444,266,0,0
534,266,503,2,1
535,17444,266,1,1
536,122,266,0,0
537,266,14,0,1
538,266,856,2,0
539,409,266,2,0
540,266,170,2,3
541,2394,266,0,0
542,266,2444,1,1
543,503,266,1,1
544,266,17444,2,2
545,5192,266,0,3
546,18518,266,2,3
547,170,266,1,2
548,10131,266,2,3
549,266,14,2,0
550,409,266,3,0
551,122,11107,2,0
552,11107,122,3,2
553,10719,122,1,1
554,122,10719,1,0
555,713,122,1,1
556,122,713,0,2
557,122,932,1,2
558,2441,122,1,2
559,122,58,0,2
560,58,122,3,0
561,932,122,3,1
562,122,2441,1,3
563,122,856,2,2
564,2394,122,3,0
565,122,170,1,0
566,409,122,1,1
567,122,17444,5,0
568,503,122,4,2
569,122,2444,1,1
570,14,122,2,1
571,856,122,3,3
572,122,409,2,1
573,170,122,3,2
574,122,2394,1,0
575,17444,122,3,1
576,122,503,3,1
577,2444,122,1,0
578,122,14,5,1
579,122,856,1,0
580,409,122,0,0
581,122,170,0,0
582,2394,122,0,0
583,122,17444,0,1
584,503,122,2,0
585,122,2444,1,0
586,14,122,1,1
587,856,122,0,2
588,122,409,2,2
589,170,122,1,1
590,122,2394,2,1
591,17444,122,0,0
592,122,503,0,3
593,2444,122,1,1
594,122,14,3,1
595,22224,122,0,4
596,7141,122,0,4
597,122,503,3,1
598,122,4467,2,4
599,856,17444,1,2
600,409,856,0,0
601,503,856,2,1
602,856,2444,1,1
603,170,856,1,1
604,856,14,2,4
605,2394,856,1,0
606,17444,856,1,2
607,856,503,0,0
608,856,409,3,0
609,2444,856,1,1
610,856,170,1,2
611,14,856,0,0
612,856,2394,2,0
613,856,17444,0,1
614,503,856,0,1
615,409,856,0,1
616,856,2444,0,1
617,170,856,1,1
618,856,14,2,0
619,2394,856,1,1
620,17444,856,0,0
621,856,503,1,2
622,856,409,0,1
623,2444,856,3,6
624,856,170,0,1
625,14,856,1,0
626,856,2394,2,0
627,6244,856,1,3
628,6227,856,1,1
629,170,503,2,0
630,503,2394,1,1
631,503,17444,3,0
632,2444,503,2,2
633,14,503,2,4
634,503,409,2,1
635,503,170,4,3
636,2394,503,0,0
637,503,2444,3,2
638,17444,503,0,0
639,503,14,0,3
640,409,503,2,1
641,170,503,2,1
642,503,2394,3,1
643,2444,503,2,1
644,503,17444,2,0
645,14,503,2,1
646,503,409,2,2
647,503,170,0,4
648,2394,503,2,3
649,503,2444,1,1
650,17444,503,1,4
651,503,14,3,2
652,409,503,2,0
653,1521,503,1,6
654,4320,503,0,1
655,14,8104,3,1
656,8104,14,1,0
657,14,6414,1,2
658,496,14,1,2
659,1090,14,2,2
660,14,1090,2,2
661,6414,14,4,1
662,14,496,2,0
663,5972,14,0,3
664,14,5972,2,0
665,4772,14,1,1
666,14,4772,3,2
667,409,14,2,0
668,2444,14,0,0
669,14,2394,5,0
670,170,14,0,3
671,17444,14,1,1
672,14,409,3,2
673,14,170,1,1
674,2394,14,2,2
675,14,2444,2,2
676,14,17444,2,2
677,409,14,3,0
678,170,14,0,0
679,14,2394,0,1
680,2444,14,0,1
681,17444,14,0,0
682,14,409,1,1
683,14,170,0,0
684,2394,14,1,0
685,14,2444,3,0
686,14,17444,3,1
687,4375,14,1,3
688,10281,14,1,3
689,4466,14,0,2
690,541,14,1,2
691,17444,170,0,2
692,17444,2444,0,0
693,2394,17444,0,2
694,409,17444,3,0
695,170,17444,1,1
696,17444,2394,2,0
697,2444,17444,2,0
698,17444,409,0,0
699,17444,170,0,0
700,2394,17444,1,0
701,17444,2444,0,0
702,409,17444,2,1
703,170,17444,2,1
704,17444,2394,0,0
705,2444,17444,2,0
706,17444,409,1,5
707,7001,17444,1,0
708,2394,2444,2,3
709,2394,409,1,3
710,170,2394,5,1
711,2444,2394,3,1
712,409,2394,6,0
713,2394,170,0,0
714,2394,2444,0,1
715,2394,409,0,1
716,170,2394,3,0
717,2444,2394,2,0
718,409,2394,2,0
719,2394,170,0,2
720,12267,2394,0,3
721,4466,2394,2,1
722,409,170,0,0
723,2444,170,0,3
724,170,409,4,2
725,170,2444,0,0
726,409,170,3,1
727,2444,170,2,1
728,170,409,0,1
729,170,2444,2,0
730,7437,170,0,7
731,18566,170,1,4
732,2444,409,0,1
733,409,2444,1,1
734,2444,409,1,1
735,409,2444,2,0
736,4416,2444,0,4
737,14010,2444,0,3
738,2444,10131,0,1
739,829,409,2,1
740,409,829,1,0
741,583,409,3,1
742,409,540,3,0
743,621,409,2,2
744,409,621,0,1
745,409,583,2,0
746,540,409,2,3
747,409,6414,0,4
748,6414,409,4,1
749,3811,409,1,4
750,409,3811,0,0
751,409,6163,1,0
752,6163,409,0,3
753,8573,409,0,3
754,4429,409,0,4
755,409,413,2,1
756,6227,409,1,4
757,4467,409,0,1
758,10695,266,1,1
759,266,10695,0,0
760,266,255,2,1
761,255,266,3,1
762,503,266,0,2
763,266,4441,0,2
764,266,2444,2,0
765,17444,266,2,3
766,266,14,0,1
767,856,266,2,1
768,266,122,0,1
769,409,266,1,1
770,266,170,0,2
771,266,503,1,1
772,4441,266,2,5
773,2444,266,1,0
774,266,17444,3,1
775,14,266,6,1
776,266,856,6,1
777,122,266,3,1
778,266,409,3,1
779,170,266,4,3
780,503,266,0,3
781,266,4441,1,1
782,266,2444,3,0
783,17444,266,0,0
784,266,14,1,3
785,856,266,1,0
786,266,122,1,2
787,409,266,2,2
788,266,170,3,2
789,266,503,4,1
790,4441,266,1,3
791,2444,266,2,0
792,266,17444,2,1
793,14,266,3,1
794,266,856,1,1
795,122,266,3,1
796,266,409,2,2
797,170,266,3,0
798,2235,266,1,4
799,2472,266,1,1
800,18517,266,0,1
801,266,413,2,1
802,266,14,1,3
803,122,409,0,2
804,14,122,0,1
805,856,122,3,1
806,122,4441,4,1
807,170,122,3,0
808,122,503,3,2
809,122,2444,3,0
810,17444,122,1,1
811,409,122,3,2
812,122,14,1,1
813,122,856,0,0
814,4441,122,1,1
815,122,170,2,1
816,503,122,1,2
817,2444,122,0,3
818,122,17444,3,1
819,122,409,1,1
820,14,122,3,1
821,856,122,0,0
822,122,4441,1,3
823,170,122,1,1
824,122,503,1,2
825,122,2444,3,2
826,17444,122,1,0
827,409,122,3,0
828,122,14,1,1
829,122,856,2,2
830,4441,122,3,0
831,122,170,1,3
832,503,122,3,0
833,2444,122,2,1
834,122,17444,0,3
835,2446,122,0,1
836,4462,122,0,5
837,122,2444,1,2
838,856,17444,2,0
839,409,856,3,2
840,2444,856,2,1
841,4441,856,0,1
842,170,856,3,0
843,856,14,2,4
844,503,856,5,1
845,17444,856,0,0
846,856,409,1,3
847,856,2444,1,2
848,856,4441,1,1
849,856,170,0,3
850,14,856,3,1
851,856,503,3,0
852,856,17444,1,0
853,409,856,7,0
854,2444,856,2,0
855,4441,856,1,0
856,170,856,2,2
857,856,14,0,4
858,503,856,1,0
859,17444,856,0,0
860,856,409,1,2
861,856,2444,1,2
862,856,4441,3,1
863,856,170,2,0
864,14,856,4,0
865,856,503,0,1
866,307,856,1,3
867,18566,856,2,3
868,413,856,1,1
869,602,503,1,1
870,503,602,5,1
871,503,197,0,2
872,197,503,2,2
873,2444,503,1,2
874,503,17444,4,0
875,14,503,1,0
876,503,409,4,4
877,503,4441,1,1
878,170,503,0,0
879,503,2444,4,1
880,17444,503,2,1
881,503,14,4,6
882,409,503,5,0
883,4441,503,1,1
884,503,170,0,2
885,2444,503,3,1
886,503,17444,1,2
887,14,503,4,0
888,503,409,1,1
889,503,4441,0,1
890,170,503,1,1
891,503,2444,4,3
892,17444,503,3,0
893,503,14,0,2
894,409,503,2,1
895,4441,503,0,0
896,503,170,0,2
897,4320,503,0,3
898,28760,503,2,0
899,4441,14,0,1
900,170,14,0,3
901,14,2444,2,0
902,17444,14,0,2
903,14,409,0,1
904,14,4441,1,1
905,14,170,2,0
906,2444,14,0,3
907,14,17444,3,0
908,409,14,0,0
909,4441,14,3,6
910,170,14,1,2
911,14,2444,4,0
912,17444,14,0,0
913,14,409,1,1
914,14,4441,0,4
915,14,170,2,2
916,2444,14,0,3
917,14,17444,3,1
918,409,14,3,0
919,4376,14,1,3
920,7448,14,2,3
921,4480,14,0,4
922,4441,14,1,2
923,14,935,0,1
924,17444,170,0,1
925,2444,17444,2,3
926,409,17444,1,1
927,4441,17444,6,0
928,170,17444,1,1
929,17444,2444,0,1
930,17444,409,0,3
931,17444,4441,2,1
932,17444,170,1,0
933,2444,17444,1,0
934,409,17444,3,1
935,4441,17444,1,1
936,170,17444,2,0
937,17444,2444,2,2
938,17444,409,0,6
939,17444,4441,2,0
940,8549,17444,2,4
941,4480,17444,3,1
942,1091,170,2,1
943,170,1091,3,0
944,170,195,1,2
945,6414,170,2,0
946,170,15,0,4
947,15,170,3,0
948,195,170,3,2
949,170,6414,1,0
950,448,170,2,1
951,170,448,2,0
952,170,2444,4,0
953,409,170,0,2
954,4441,170,1,0
955,2444,170,0,2
956,170,409,2,0
957,170,4441,0,2
958,170,2444,2,1
959,409,170,3,3
960,4441,170,2,1
961,2444,170,1,1
962,170,409,1,3
963,170,4441,0,0
964,26941,170,0,5
965,10281,170,1,4
966,170,3551,4,2
967,170,935,0,1
968,2444,409,0,4
969,2444,4441,0,1
970,409,2444,2,0
971,4441,2444,2,2
972,2444,409,2,3
973,2444,4441,2,3
974,409,2444,3,1
975,4441,2444,2,3
976,5192,2444,1,1
977,8086,2444,1,5
978,2444,409,0,3
979,853,409,1,0
980,409,853,4,3
981,4441,409,0,2
982,409,4441,4,1
983,4441,409,1,1
984,409,4441,6,2
985,676,409,0,2
986,9128,409,1,3
987,2466,409,1,3
988,409,935,1,2
989,10205,4441,1,8
990,316,4441,0,6
991,2231,4441,1,2
992,10131,266,0,0
993,266,4441,1,0
994,14,266,3,3
995,266,17444,1,1
996,2444,266,2,3
997,266,122,3,0
998,503,266,1,4
999,266,409,0,5
1000,170,266,2,0
1001,266,10131,4,2
1002,4441,266,1,1
1003,266,14,1,1
1004,17444,266,3,3
1005,266,2444,4,0
1006,122,266,2,0
1007,266,503,2,2
1008,409,266,4,0
1009,266,170,2,0
1010,10131,266,3,0
1011,266,4441,1,3
1012,14,266,1,1
1013,266,17444,2,1
1014,2444,266,1,1
1015,266,122,2,2
1016,503,266,2,2
1017,266,409,1,3
1018,170,266,1,0
1019,266,10131,1,4
1020,4441,266,0,2
1021,266,14,2,2
1022,17444,266,1,1
1023,266,2444,1,2
1024,122,266,2,1
1025,266,503,3,0
1026,409,266,4,0
1027,266,170,2,5
1028,936,266,0,4
1029,16768,266,0,2
1030,4429,266,0,1
1031,266,2662,1,2
1032,3737,122,0,0
1033,122,3737,0,1
1034,2444,122,2,2
1035,122,10131,0,2
1036,122,170,2,4
1037,503,122,1,1
1038,122,409,1,1
1039,122,4441,4,1
1040,17444,122,1,3
1041,122,14,1,2
1042,122,2444,1,0
1043,10131,122,0,1
1044,170,122,2,2
1045,122,503,0,2
1046,409,122,1,0
1047,4441,122,2,1
1048,122,17444,2,3
1049,14,122,3,2
1050,2444,122,0,1
1051,122,10131,2,2
1052,122,170,2,0
1053,503,122,1,1
1054,122,409,1,4
1055,122,4441,1,4
1056,17444,122,2,1
1057,122,14,1,1
1058,122,2444,3,1
1059,10131,122,0,6
1060,170,122,2,0
1061,122,503,1,1
1062,409,122,1,2
1063,4441,122,0,1
1064,122,17444,1,2
1065,14,122,1,2
1066,14505,122,0,5
1067,122,17444,3,0
1068,541,122,0,4
1069,503,122,0,1
1070,2662,122,1,0
1071,10131,503,7,1
1072,409,10131,4,1
1073,10131,4441,4,3
1074,170,10131,0,1
1075,10131,17444,3,6
1076,14,10131,2,3
1077,10131,2444,3,3
1078,503,10131,0,4
1079,10131,409,0,3
1080,4441,10131,1,1
1081,10131,170,2,2
1082,17444,10131,0,2
1083,10131,14,1,0
1084,2444,10131,5,3
1085,10131,503,2,1
1086,409,10131,6,0
1087,10131,4441,3,0
1088,170,10131,0,0
1089,10131,17444,1,2
1090,14,10131,2,0
1091,10131,2444,1,1
1092,503,10131,4,0
1093,10131,409,1,3
1094,4441,10131,1,2
1095,10131,170,2,2
1096,17444,10131,1,3
1097,10131,14,2,1
1098,2444,10131,3,3
1099,11853,10131,1,1
1100,14,503,2,0
1101,503,2444,1,2
1102,503,170,2,0
1103,409,503,1,0
1104,4441,503,3,1
1105,503,17444,0,3
1106,503,14,1,0
1107,2444,503,3,3
1108,170,503,4,2
1109,503,409,3,1
1110,503,4441,3,0
1111,17444,503,1,0
1112,14,503,2,2
1113,503,2444,3,0
1114,503,170,2,1
1115,409,503,6,1
1116,4441,503,2,3
1117,503,17444,3,0
1118,503,14,0,1
1119,2444,503,0,0
1120,170,503,0,0
1121,503,409,2,3
1122,503,4441,1,0
1123,17444,503,5,2
1124,4463,503,0,2
1125,7443,503,1,1
1126,503,2364,3,1
1127,14,720,0,1
1128,964,14,0,0
1129,14,13,0,3
1130,13,14,4,0
1131,720,14,1,1
1132,14,964,4,1
1133,14,1185,1,0
1134,1185,14,0,0
1135,419,14,0,2
1136,14,419,2,3
1137,409,14,5,1
1138,170,14,0,0
1139,14,17444,5,0
1140,4441,14,1,4
1141,14,2444,1,1
1142,14,409,1,2
1143,14,170,0,1
1144,17444,14,0,3
1145,14,4441,1,0
1146,2444,14,0,5
1147,409,14,4,0
1148,170,14,3,1
1149,14,17444,1,1
1150,4441,14,0,0
1151,14,2444,2,1
1152,14,409,3,0
1153,14,170,0,1
1154,17444,14,0,2
1155,14,4441,3,1
1156,2444,14,1,1
1157,4376,14,0,3
1158,2466,14,2,1
1159,17444,409,1,5
1160,170,17444,4,0
1161,17444,4441,2,1
1162,17444,2444,1,1
1163,409,17444,8,1
1164,17444,170,0,0
1165,4441,17444,1,1
1166,2444,17444,4,0
1167,17444,409,1,5
1168,170,17444,0,0
1169,17444,4441,1,1
1170,17444,2444,1,0
1171,409,17444,5,0
1172,17444,170,0,3
1173,4441,17444,4,0
1174,2444,17444,3,1
1175,10323,17444,0,3
1176,170,32017,1,0
1177,32017,170,0,3
1178,938,170,1,0
1179,170,338,2,2
1180,1184,170,1,1
1181,170,1184,2,2
1182,170,938,2,1
1183,338,170,3,1
1184,6676,170,1,1
1185,170,6676,3,1
1186,4441,170,2,2
1187,409,170,1,1
1188,2444,170,0,4
1189,170,4441,2,4
1190,170,409,2,1
1191,170,2444,3,0
1192,4441,170,2,1
1193,409,170,6,3
1194,2444,170,1,1
1195,170,4441,3,0
1196,170,409,2,1
1197,170,2444,2,0
1198,413,170,1,1
1199,2444,409,1,1
1200,4441,2444,1,1
1201,409,2444,6,0
1202,2444,4441,1,2
1203,2444,409,0,1
1204,4441,2444,3,2
1205,409,2444,0,0
1206,2444,4441,0,1
1207,10281,2444,1,4
1208,935,2444,2,1
1209,409,36,1,1
1210,36,409,3,1
1211,409,602,5,0
1212,602,409,0,2
1213,409,1101,4,0
1214,3426,409,1,2
1215,409,3057,2,1
1216,3057,409,1,3
1217,1101,409,0,1
1218,409,3426,3,0
1219,610,409,0,3
1220,409,610,3,1
1221,26,409,0,0
1222,409,26,1,2
1223,409,4441,2,2
1224,4441,409,1,2
1225,409,4441,5,0
1226,4441,409,2,0
1227,2472,409,0,9
1228,20038,409,1,1
1229,2394,409,1,7
1230,4441,409,0,6
1231,10044,409,0,7
1232,409,2662,4,2
1233,17663,4441,0,3
1234,16802,4441,1,4
1235,935,4441,2,4
1236,266,17444,3,1
1237,170,266,1,0
1238,266,409,0,2
1239,266,503,1,1
1240,4441,266,4,1
1241,266,10131,2,2
1242,3551,266,2,2
1243,14,266,3,1
1244,266,122,0,1
1245,17444,266,0,1
1246,266,170,1,2
1247,409,266,4,2
1248,503,266,0,0
1249,266,4441,1,0
1250,10131,266,0,1
1251,266,3551,2,1
1252,266,14,1,1
1253,122,266,3,1
1254,266,17444,6,0
1255,170,266,3,0
1256,266,409,2,2
1257,266,503,2,2
1258,4441,266,1,2
1259,266,10131,2,1
1260,3551,266,2,1
1261,14,266,0,1
1262,266,122,1,2
1263,17444,266,0,1
1264,266,170,0,1
1265,409,266,2,1
1266,503,266,1,0
1267,266,4441,4,0
1268,10131,266,3,2
1269,266,3551,4,1
1270,266,14,0,2
1271,122,266,0,0
1272,4320,266,2,3
1273,266,4441,0,1
1274,3551,122,1,0
1275,10131,122,2,1
1276,122,17444,4,2
1277,170,122,1,1
1278,122,14,1,1
1279,122,4441,1,2
1280,409,122,2,3
1281,122,503,0,2
1282,122,3551,2,2
1283,122,10131,1,0
1284,17444,122,0,0
1285,122,170,1,3
1286,14,122,0,3
1287,4441,122,0,2
1288,122,409,1,2
1289,503,122,0,2
1290,3551,122,2,0
1291,10131,122,0,2
1292,122,17444,3,3
1293,170,122,1,0
1294,122,14,2,1
1295,122,4441,2,0
1296,409,122,2,1
1297,122,503,3,1
1298,122,3551,5,0
1299,122,10131,2,1
1300,17444,122,4,4
1301,122,170,2,2
1302,14,122,0,0
1303,4441,122,1,0
1304,122,409,0,0
1305,503,122,1,2
1306,17663,122,1,4
1307,11853,122,0,5
1308,170,122,1,0
1309,6621,10131,0,4
1310,10131,6621,1,2
1311,10131,2714,1,2
1312,2714,10131,0,1
1313,14,10131,1,1
1314,10131,4441,0,2
1315,409,10131,8,0
1316,10131,17444,3,0
1317,170,10131,2,0
1318,10131,3551,3,3
1319,503,10131,0,0
1320,10131,14,0,0
1321,4441,10131,1,2
1322,10131,409,2,2
1323,17444,10131,2,4
1324,10131,170,3,1
1325,3551,10131,3,1
1326,10131,503,5,0
1327,14,10131,1,0
1328,10131,4441,2,0
1329,409,10131,3,1
1330,10131,17444,1,3
1331,170,10131,4,0
1332,10131,3551,0,1
1333,503,10131,2,3
1334,10131,14,1,1
1335,4441,10131,2,1
1336,10131,409,0,3
1337,17444,10131,2,4
1338,10131,170,0,2
1339,3551,10131,2,0
1340,10131,503,0,1
1341,10149,10131,1,7
1342,1521,10131,0,2
1343,2662,10131,0,1
1344,10131,7443,2,1
1345,10131,409,0,2
1346,503,4441,1,4
1347,3551,503,0,2
1348,503,170,1,1
1349,503,409,0,3
1350,17444,503,5,4
1351,503,14,2,1
1352,4441,503,2,1
1353,503,3551,0,2
1354,170,503,0,0
1355,409,503,2,0
1356,503,17444,1,1
1357,14,503,4,0
1358,503,4441,2,1
1359,3551,503,2,0
1360,503,170,1,1
1361,503,409,1,4
1362,17444,503,0,0
1363,503,14,1,1
1364,4441,503,2,0
1365,503,3551,2,2
1366,170,503,1,1
1367,409,503,4,0
1368,503,17444,0,0
1369,14,503,0,1
1370,4457,503,0,7
1371,17444,503,1,1
1372,4441,14,4,0
1373,14,3551,0,0
1374,17444,14,2,2
1375,14,170,2,2
1376,409,14,2,3
1377,14,4441,0,2
1378,3551,14,1,1
1379,14,17444,2,0
1380,170,14,2,3
1381,14,409,2,4
1382,4441,14,1,0
1383,14,3551,5,2
1384,17444,14,1,0
1385,14,170,2,1
1386,409,14,3,1
1387,14,4441,1,1
1388,3551,14,2,0
1389,14,17444,2,1
1390,170,14,4,1
1391,14,409,1,1
1392,2364,14,0,6
1393,20437,14,0,5
1394,4467,14,0,6
1395,2394,14,0,2
1396,4441,14,0,3
1397,14,409,0,2
1398,17444,409,0,5
1399,4441,17444,0,1
1400,17444,170,1,5
1401,3551,17444,2,0
1402,409,17444,4,1
1403,17444,4441,2,0
1404,170,17444,3,0
1405,17444,3551,2,0
1406,17444,409,0,2
1407,4441,17444,2,0
1408,17444,170,0,1
1409,3551,17444,3,1
1410,409,17444,6,0
1411,17444,4441,2,0
1412,170,17444,0,0
1413,17444,3551,0,1
1414,19644,17444,0,6
1415,4441,17444,3,2
1416,3551,4441,1,2
1417,170,3551,0,1
1418,409,3551,5,0
1419,4441,3551,0,0
1420,3551,170,2,0
1421,3551,409,4,1
1422,3551,4441,1,0
1423,170,3551,1,0
1424,409,3551,0,1
1425,4441,3551,2,0
1426,3551,170,1,3
1427,3551,409,2,2
1428,2446,3551,2,4
1429,4478,3551,0,5
1430,3551,856,1,1
1431,3551,409,0,4
1432,1008,170,2,1
1433,170,1008,3,3
1434,409,170,6,1
1435,170,4441,3,0
1436,170,409,1,2
1437,4441,170,1,1
1438,409,170,1,2
1439,170,4441,4,1
1440,170,409,3,3
1441,4441,170,0,5
1442,12210,170,0,1
1443,2232,170,0,1
1444,4441,170,2,1
1445,10625,409,2,1
1446,409,10625,2,0
1447,409,496,2,1
1448,496,409,3,0
1449,409,371,2,2
1450,13499,409,1,2
1451,409,419,4,2
1452,419,409,1,5
1453,371,409,1,3
1454,409,13499,5,1
1455,1050,409,2,1
1456,409,1050,1,3
1457,4441,409,1,0
1458,409,4441,2,2
1459,4441,409,3,2
1460,409,4441,3,0
1461,8086,409,1,1
1462,676,409,1,1
1463,2444,409,1,2
1464,7141,4441,2,4
1465,170,266,3,0
1466,266,4441,0,0
1467,856,266,4,1
1468,266,409,1,4
1469,503,266,3,1
1470,266,122,1,0
1471,10131,266,4,1
1472,14,266,1,1
1473,266,3551,2,0
1474,266,170,0,1
1475,4441,266,1,1
1476,266,856,0,1
1477,409,266,2,1
1478,266,503,1,1
1479,122,266,3,2
1480,266,10131,1,0
1481,266,14,4,2
1482,3551,266,1,3
1483,170,266,2,1
1484,266,4441,1,0
1485,856,266,3,3
1486,266,409,1,0
1487,503,266,0,0
1488,266,122,0,1
1489,10131,266,2,2
1490,14,266,3,1
1491,266,3551,0,2
1492,266,170,1,0
1493,4441,266,1,0
1494,266,856,1,0
1495,409,266,2,1
1496,266,503,1,0
1497,122,266,0,0
1498,266,10131,2,0
1499,266,14,0,5
1500,3551,266,0,0
1501,12257,266,0,1
1502,266,4441,1,1
1503,409,266,4,2
1504,122,2698,2,3
1505,2698,122,1,1
1506,122,503,1,1
1507,122,10131,1,1
1508,3551,122,0,1
1509,4441,122,0,2
1510,122,170,2,2
1511,122,409,2,3
1512,856,122,2,0
1513,122,14,2,0
1514,503,122,0,1
1515,10131,122,3,0
1516,122,3551,3,1
1517,122,4441,2,0
1518,170,122,2,1
1519,409,122,3,1
1520,122,856,0,0
1521,14,122,2,1
1522,122,503,1,1
1523,122,10131,2,0
1524,3551,122,2,2
1525,4441,122,0,0
1526,122,170,0,2
1527,122,409,0,0
1528,856,122,1,0
1529,122,14,1,1
1530,503,122,1,0
1531,10131,122,1,3
1532,122,3551,4,1
1533,122,4441,1,0
1534,170,122,2,0
1535,409,122,1,1
1536,122,856,1,1
1537,14,122,3,0
1538,4467,122,0,6
1539,4463,122,0,7
1540,18519,122,2,3
1541,122,409,0,1
1542,10131,3551,2,1
1543,10131,14,2,2
1544,10131,503,2,3
1545,4441,10131,3,2
1546,170,10131,3,0
1547,409,10131,4,2
1548,10131,856,1,1
1549,3551,10131,1,0
1550,14,10131,2,1
1551,503,10131,0,0
1552,10131,4441,1,0
1553,10131,170,2,1
1554,10131,409,1,1
1555,856,10131,0,2
1556,10131,3551,0,3
1557,10131,14,0,1
1558,10131,503,2,2
1559,4441,10131,2,0
1560,170,10131,3,2
1561,409,10131,3,0
1562,10131,856,0,1
1563,3551,10131,1,0
1564,14,10131,0,2
1565,503,10131,1,1
1566,10131,4441,0,1
1567,10131,170,2,0
1568,10131,409,1,2
1569,856,10131,2,3
1570,19644,10131,1,0
1571,856,409,2,1
1572,503,856,2,1
1573,3551,856,3,1
1574,14,856,5,1
1575,856,4441,1,0
1576,170,856,2,4
1577,409,856,4,2
1578,856,503,0,4
1579,856,3551,2,1
1580,856,14,1,2
1581,4441,856,2,1
1582,856,170,1,6
1583,856,409,0,0
1584,503,856,1,1
1585,3551,856,1,2
1586,14,856,2,2
1587,856,4441,1,1
1588,170,856,3,0
1589,409,856,2,1
1590,856,503,0,3
1591,856,3551,0,0
1592,856,14,0,9
1593,4441,856,2,0
1594,856,170,0,2
1595,8086,856,0,3
1596,19644,856,1,3
1597,2446,856,0,2
1598,856,2662,1,2
1599,503,409,2,2
1600,3551,503,1,2
1601,503,14,0,1
1602,503,4441,1,0
1603,170,503,2,0
1604,409,503,8,0
1605,503,3551,1,1
1606,14,503,1,1
1607,4441,503,4,0
1608,503,170,2,1
1609,503,409,1,2
1610,3551,503,1,2
1611,503,14,0,3
1612,503,4441,0,2
1613,170,503,0,4
1614,409,503,1,0
1615,503,3551,2,1
1616,14,503,3,1
1617,4441,503,1,2
1618,503,170,1,3
1619,4462,503,1,1
1620,2232,503,1,1
1621,20038,503,0,1
1622,170,503,0,1
1623,503,2662,2,1
1624,503,409,0,5
1625,4441,14,0,2
1626,14,3551,3,1
1627,14,170,2,5
1628,409,14,2,2
1629,14,4441,1,0
1630,3551,14,1,2
1631,170,14,1,2
1632,14,409,1,1
1633,4441,14,2,0
1634,14,3551,1,2
1635,14,170,0,3
1636,409,14,4,1
1637,14,4441,0,0
1638,3551,14,2,0
1639,170,14,1,0
1640,14,409,0,2
1641,4376,14,0,3
1642,8394,14,0,7
1643,14,3551,2,1
1644,14,413,1,0
1645,409,14,5,2
1646,3551,2420,2,1
1647,2420,3551,1,4
1648,3551,2457,0,1
1649,2457,3551,0,0
1650,409,3551,2,0
1651,4441,3551,0,2
1652,3551,170,2,0
1653,3551,409,1,0
1654,3551,4441,2,1
1655,170,3551,3,1
1656,409,3551,2,0
1657,4441,3551,1,0
1658,3551,170,0,0
1659,3551,409,1,3
1660,3551,4441,1,1
1661,170,3551,1,1
1662,19536,3551,1,2
1663,676,3551,0,3
1664,170,610,2,2
1665,610,170,2,3
1666,170,660,0,1
1667,660,170,2,2
1668,170,1050,2,1
1669,1180,170,0,1
1670,170,941,3,2
1671,941,170,1,2
1672,1050,170,1,0
1673,170,1180,2,1
1674,1049,170,6,0
1675,170,1049,0,4
1676,409,170,1,2
1677,170,4441,2,1
1678,170,409,1,2
1679,4441,170,2,1
1680,409,170,2,0
1681,170,4441,3,0
1682,170,409,1,1
1683,4441,170,2,2
1684,7141,170,1,5
1685,12210,170,1,1
1686,170,11853,5,1
1687,409,496,2,0
1688,496,409,3,0
1689,1180,409,2,0
1690,409,1180,1,1
1691,4441,409,1,1
1692,409,4441,1,1
1693,4441,409,1,1
1694,409,4441,1,0
1695,10979,409,0,7
1696,10044,409,2,3
1697,10695,4441,0,1
1698,4441,10695,2,0
1699,4441,16,0,1
1700,16,4441,5,0
1701,18572,4441,0,6
1702,170,266,5,0
1703,266,122,1,0
1704,4441,266,1,0
1705,266,409,0,2
1706,503,266,1,0
1707,266,14,1,1
1708,2662,266,2,3
1709,266,3551,2,1
1710,856,266,1,1
1711,266,170,4,2
1712,122,266,1,0
1713,266,4441,0,1
1714,409,266,1,0
1715,266,503,2,1
1716,14,266,2,0
1717,266,2662,1,2
1718,3551,266,1,0
1719,266,856,2,1
1720,170,266,3,1
1721,266,122,0,3
1722,4441,266,1,0
1723,266,409,1,6
1724,503,266,1,0
1725,266,14,0,3
1726,2662,266,1,0
1727,266,3551,2,0
1728,856,266,2,1
1729,266,170,3,0
1730,122,266,1,0
1731,266,4441,1,1
1732,409,266,1,1
1733,266,503,1,0
1734,14,266,3,0
1735,266,2662,1,1
1736,3551,266,0,2
1737,266,856,2,3
1738,2235,266,1,4
1739,2662,266,2,1
1740,122,409,3,1
1741,856,122,0,2
1742,122,14,3,1
1743,2662,122,1,3
1744,122,3551,3,1
1745,122,170,1,1
1746,503,122,0,3
1747,122,4441,3,0
1748,409,122,0,1
1749,122,856,2,2
1750,14,122,2,0
1751,122,2662,1,2
1752,3551,122,1,1
1753,170,122,1,2
1754,122,503,0,2
1755,4441,122,0,4
1756,122,409,0,1
1757,856,122,1,0
1758,122,14,0,4
1759,2662,122,2,1
1760,122,3551,3,0
1761,122,170,2,1
1762,503,122,1,0
1763,122,4441,4,0
1764,409,122,1,0
1765,122,856,0,2
1766,14,122,4,1
1767,122,2662,3,2
1768,3551,122,1,2
1769,170,122,1,0
1770,122,503,2,1
1771,4441,122,1,0
1772,4406,122,0,2
1773,13614,122,0,5
1774,2662,122,1,1
1775,856,503,0,1
1776,14,856,3,1
1777,856,4441,3,1
1778,409,856,3,1
1779,856,2662,1,1
1780,3551,856,2,1
1781,170,856,3,0
1782,503,856,1,0
1783,856,14,0,2
1784,4441,856,3,0
1785,856,409,2,1
1786,2662,856,2,2
1787,856,3551,1,2
1788,856,170,1,1
1789,856,503,2,0
1790,14,856,2,0
1791,856,4441,2,1
1792,409,856,1,0
1793,856,2662,1,0
1794,3551,856,3,0
1795,170,856,1,1
1796,503,856,0,2
1797,856,14,0,3
1798,4441,856,2,2
1799,856,409,2,1
1800,2662,856,1,0
1801,856,3551,1,0
1802,856,170,1,3
1803,27177,856,0,7
1804,19536,856,1,1
1805,503,18963,1,1
1806,18963,503,2,3
1807,503,7090,1,0
1808,7090,503,0,2
1809,503,697,1,2
1810,697,503,2,0
1811,2662,503,2,1
1812,503,3551,1,2
1813,170,503,4,0
1814,4441,503,5,0
1815,503,409,0,4
1816,14,503,1,2
1817,503,2662,1,1
1818,3551,503,2,0
1819,503,170,1,2
1820,503,4441,4,1
1821,409,503,0,1
1822,503,14,0,2
1823,2662,503,2,2
1824,503,3551,1,1
1825,170,503,0,0
1826,4441,503,1,1
1827,503,409,1,1
1828,14,503,0,2
1829,503,2662,2,0
1830,3551,503,0,0
1831,503,170,3,2
1832,503,4441,3,2
1833,409,503,2,0
1834,503,14,1,6
1835,16768,503,1,4
1836,7445,503,1,3
1837,17444,503,1,3
1838,14,503,1,2
1839,503,409,0,5
1840,13499,14,2,3
1841,14,941,0,0
1842,12,14,3,3
1843,14,12,2,4
1844,14,13499,1,2
1845,941,14,3,2
1846,14,27116,1,0
1847,27116,14,1,4
1848,14,365,0,1
1849,365,14,1,1
1850,14,195,2,1
1851,195,14,1,2
1852,2662,14,1,2
1853,14,170,1,4
1854,14,3551,3,1
1855,14,4441,4,1
1856,409,14,4,1
1857,14,2662,2,1
1858,170,14,0,2
1859,3551,14,5,1
1860,4441,14,0,3
1861,14,409,1,3
1862,2662,14,2,1
1863,14,170,1,1
1864,14,3551,1,3
1865,14,4441,3,0
1866,409,14,5,0
1867,14,2662,1,2
1868,170,14,0,2
1869,3551,14,1,1
1870,4441,14,2,1
1871,14,409,2,3
1872,7448,14,0,6
1873,2364,14,1,3
1874,18519,14,4,5
1875,409,2662,2,0
1876,3551,2662,3,1
1877,4441,2662,1,1
1878,2662,170,1,1
1879,2662,409,1,5
1880,2662,3551,0,1
1881,2662,4441,0,4
1882,170,2662,1,0
1883,409,2662,2,0
1884,3551,2662,1,2
1885,4441,2662,1,0
1886,2662,170,1,1
1887,2662,409,1,2
1888,2662,3551,3,3
1889,2662,4441,1,1
1890,170,2662,2,1
1891,2082,2662,0,2
1892,2662,170,1,3
1893,3551,4441,1,0
1894,3551,170,1,0
1895,3551,409,0,0
1896,4441,3551,1,2
1897,170,3551,1,1
1898,409,3551,4,1
1899,3551,4441,2,1
1900,3551,170,3,1
1901,3551,409,0,5
1902,4441,3551,0,0
1903,170,3551,3,0
1904,409,3551,1,0
1905,5469,3551,0,1
1906,18519,3551,3,0
1907,170,1184,3,2
1908,621,170,1,0
1909,170,6574,1,1
1910,6574,170,2,2
1911,1184,170,1,0
1912,170,621,1,1
1913,7964,170,0,0
1914,170,7964,3,0
1915,7918,170,0,4
1916,170,7918,0,2
1917,4441,170,1,1
1918,170,409,0,0
1919,170,4441,0,1
1920,409,170,2,1
1921,4441,170,2,1
1922,170,409,0,1
1923,170,4441,4,0
1924,409,170,1,0
1925,24547,170,1,3
1926,10149,170,0,1
1927,2157,170,0,4
1928,170,413,2,1
1929,170,409,1,2
1930,409,43162,1,0
1931,43162,409,0,2
1932,4040,409,0,1
1933,409,4040,2,0
1934,419,409,1,1
1935,409,419,1,2
1936,409,16704,0,1
1937,33,409,3,1
1938,409,417,0,1
1939,417,409,0,2
1940,16704,409,1,1
1941,409,33,2,0
1942,409,4441,1,1
1943,4441,409,2,2
1944,409,4441,3,0
1945,4441,409,0,2
1946,1521,409,1,3
1947,19578,409,1,7
1948,409,7443,2,0
1949,409,2394,2,1
1950,18519,4441,1,0
1951,122,10883,0,1
1952,10883,122,0,3
1953,122,36,1,2
1954,36,122,1,1
1955,122,2662,3,2
1956,14,122,2,3
1957,856,122,2,3
1958,122,4441,2,1
1959,170,122,1,2
1960,122,409,1,0
1961,413,122,2,1
1962,503,122,2,1
1963,122,3551,0,0
1964,2662,122,0,3
1965,122,14,3,0
1966,122,856,3,2
1967,4441,122,0,2
1968,122,170,0,0
1969,409,122,5,0
1970,122,413,1,0
1971,122,503,6,1
1972,3551,122,1,2
1973,122,2662,3,2
1974,14,122,1,0
1975,856,122,1,0
1976,122,4441,0,1
1977,170,122,1,1
1978,122,409,2,4
1979,413,122,0,2
1980,503,122,2,4
1981,122,3551,1,0
1982,2662,122,1,5
1983,122,14,0,2
1984,122,856,3,0
1985,4441,122,2,1
1986,122,170,4,2
1987,409,122,4,1
1988,122,413,3,1
1989,122,503,2,0
1990,3551,122,0,0
1991,3473,122,0,3
1992,5469,122,1,2
1993,122,3551,4,1
1994,122,22024,3,0
1995,122,170,3,2
1996,122,409,1,0
1997,170,856,2,2
1998,856,4441,1,0
1999,2662,856,0,0
2000,856,14,1,3
2001,3551,856,1,0
2002,856,503,0,5
2003,856,409,1,2
2004,413,856,2,2
2005,856,170,0,1
2006,4441,856,2,2
2007,856,2662,1,1
2008,14,856,1,3
2009,856,3551,1,0
2010,503,856,2,0
2011,409,856,2,0
2012,856,413,1,0
2013,170,856,2,2
2014,856,4441,5,1
2015,2662,856,0,3
2016,856,14,2,1
2017,3551,856,1,1
2018,856,503,3,2
2019,856,409,2,2
2020,413,856,3,1
2021,856,170,2,4
2022,4441,856,0,2
2023,856,2662,1,1
2024,14,856,2,3
2025,856,3551,0,1
2026,503,856,1,1
2027,409,856,1,0
2028,856,413,2,1
2029,10172,856,1,6
2030,4320,856,1,2
2031,24830,856,0,3
2032,856,4467,4,1
2033,856,409,1,1
2034,413,503,3,0
2035,503,3551,4,1
2036,409,503,5,1
2037,503,170,3,1
2038,4441,503,2,0
2039,503,14,1,3
2040,2662,503,1,1
2041,503,413,4,2
2042,3551,503,2,2
2043,503,409,1,1
2044,170,503,1,0
2045,503,4441,0,0
2046,14,503,2,3
2047,503,2662,1,0
2048,413,503,2,1
2049,503,3551,3,1
2050,409,503,2,1
2051,503,170,2,1
2052,4441,503,1,3
2053,503,14,2,1
2054,2662,503,1,2
2055,503,413,0,1
2056,3551,503,1,2
2057,503,409,2,6
2058,170,503,4,1
2059,503,4441,4,2
2060,14,503,0,0
2061,503,2662,0,2
2062,4457,503,1,3
2063,27189,503,3,1
2064,409,413,1,1
2065,413,2662,2,0
2066,14,413,2,0
2067,413,3551,0,0
2068,170,413,1,0
2069,4441,413,0,0
2070,413,409,1,3
2071,2662,413,0,1
2072,413,14,2,2
2073,3551,413,2,4
2074,413,170,1,2
2075,413,4441,2,0
2076,409,413,0,0
2077,413,2662,2,1
2078,14,413,1,3
2079,413,3551,2,0
2080,170,413,2,0
2081,4441,413,0,3
2082,413,409,1,0
2083,2662,413,1,3
2084,413,14,1,0
2085,3551,413,0,2
2086,413,170,0,2
2087,413,4441,1,3
2088,20437,413,0,1
2089,10131,413,1,1
2090,266,413,4,1
2091,14,5,1,5
2092,2441,14,2,2
2093,14,144,1,3
2094,144,14,1,4
2095,5,14,5,1
2096,14,2441,0,0
2097,14,786,0,0
2098,786,14,1,2
2099,327,14,1,2
2100,14,327,0,1
2101,3551,14,3,0
2102,170,14,2,2
2103,14,4441,2,2
2104,14,2662,5,1
2105,409,14,0,0
2106,14,3551,2,0
2107,14,170,0,1
2108,4441,14,1,2
2109,2662,14,1,0
2110,14,409,1,1
2111,3551,14,1,0
2112,170,14,1,1
2113,14,4441,2,0
2114,14,2662,4,0
2115,409,14,5,0
2116,14,3551,2,1
2117,14,170,0,4
2118,4441,14,2,1
2119,2662,14,2,0
2120,14,409,4,0
2121,18519,14,1,1
2122,771,14,0,3
2123,14,170,1,2
2124,17444,2662,0,2
2125,2662,17444,1,1
2126,266,17444,0,1
2127,17444,2157,4,0
2128,541,17444,2,3
2129,17444,4467,1,0
2130,7443,17444,0,3
2131,2394,17444,0,0
2132,17444,2446,2,1
2133,2444,17444,3,0
2134,17444,37024,2,0
2135,17444,266,0,3
2136,2157,17444,1,1
2137,17444,541,1,1
2138,4467,17444,0,1
2139,17444,7443,1,2
2140,17444,2394,4,2
2141,2446,17444,0,1
2142,17444,2444,0,1
2143,37024,17444,0,0
2144,266,17444,2,2
2145,17444,2157,6,3
2146,541,17444,2,1
2147,17444,4467,1,1
2148,7443,17444,0,3
2149,2394,17444,0,0
2150,17444,2446,2,2
2151,2444,17444,2,0
2152,17444,37024,0,2
2153,17444,266,1,0
2154,2157,17444,0,3
2155,17444,541,2,2
2156,4467,17444,2,1
2157,17444,7443,1,0
2158,17444,2394,2,1
2159,2446,17444,1,1
2160,17444,2444,1,0
2161,37024,17444,1,1
2162,12210,17444,1,0
2163,2662,170,1,4
2164,409,2662,5,1
2165,4441,2662,2,1
2166,2662,3551,1,2
2167,170,2662,1,0
2168,2662,409,1,3
2169,2662,4441,0,0
2170,3551,2662,3,0
2171,2662,170,0,5
2172,409,2662,4,0
2173,4441,2662,0,1
2174,2662,3551,1,2
2175,170,2662,2,1
2176,2662,409,0,2
2177,2662,4441,0,1
2178,3551,2662,1,3
2179,28760,2662,2,1
2180,11435,3551,0,1
2181,3551,11435,1,1
2182,3551,6131,1,1
2183,6131,3551,0,3
2184,157,3551,1,1
2185,3551,157,3,1
2186,3551,119,0,1
2187,119,3551,2,2
2188,4441,3551,1,0
2189,3551,409,0,1
2190,3551,170,2,2
2191,3551,4441,3,2
2192,409,3551,2,0
2193,170,3551,1,2
2194,4441,3551,0,0
2195,3551,409,0,1
2196,3551,170,0,0
2197,3551,4441,2,1
2198,409,3551,3,1
2199,170,3551,4,1
2200,7448,3551,1,5
2201,19644,3551,3,4
2202,409,170,2,2
2203,170,4441,4,2
2204,170,409,2,3
2205,4441,170,0,0
2206,409,170,1,0
2207,170,4441,5,1
2208,170,409,1,4
2209,4441,170,0,0
2210,17663,170,0,2
2211,41380,170,0,4
2212,170,266,2,1
2213,10604,409,0,3
2214,409,10604,3,0
2215,409,144,1,1
2216,144,409,0,0
2217,2420,409,1,1
2218,409,244,1,0
2219,2293,409,0,2
2220,409,2293,0,0
2221,409,2420,3,0
2222,244,409,0,0
2223,681,409,2,2
2224,409,681,2,1
2225,16,409,1,2
2226,409,16,0,0
2227,398,409,4,2
2228,409,398,4,1
2229,244,409,2,0
2230,409,244,2,1
2231,29831,409,1,3
2232,409,29831,4,0
2233,4441,409,0,2
2234,409,4441,2,1
2235,4441,409,0,0
2236,409,4441,2,0
2237,10979,409,0,7
2238,14601,409,1,3
2239,27189,409,0,3
2240,409,28760,7,0
2241,19578,4441,1,2
2242,6552,4441,1,2
2243,22024,4441,1,0
2244,610,122,2,0
2245,122,610,1,3
2246,122,2156,0,2
2247,2156,122,5,0
2248,122,4467,3,2
2249,2444,122,2,3
2250,2662,122,2,0
2251,122,3551,1,1
2252,4441,122,1,1
2253,122,170,1,1
2254,503,122,2,3
2255,122,856,1,2
2256,413,122,0,0
2257,122,409,1,2
2258,14,122,1,1
2259,4467,122,2,0
2260,122,2444,1,1
2261,122,2662,0,0
2262,3551,122,0,2
2263,122,4441,3,0
2264,170,122,0,0
2265,122,503,3,0
2266,856,122,1,1
2267,122,413,0,3
2268,409,122,0,0
2269,122,14,1,0
2270,122,2662,0,1
2271,14,122,0,1
2272,409,122,3,1
2273,122,4441,1,2
2274,413,122,1,2
2275,122,413,2,3
2276,2662,122,0,1
2277,122,14,1,3
2278,122,409,1,2
2279,4441,122,2,1
2280,18291,122,0,2
2281,14,122,2,0
2282,170,122,1,2
2283,122,170,0,1
2284,3551,856,2,3
2285,856,409,0,2
2286,4467,856,4,2
2287,856,4441,0,6
2288,503,856,0,0
2289,14,856,2,1
2290,856,413,1,3
2291,856,2444,2,1
2292,170,856,1,0
2293,856,2662,2,0
2294,856,3551,1,1
2295,409,856,2,1
2296,856,4467,1,2
2297,4441,856,2,2
2298,856,503,2,2
2299,856,14,2,1
2300,413,856,2,1
2301,2444,856,0,1
2302,856,170,2,1
2303,2662,856,0,1
2304,3551,856,2,1
2305,856,4467,3,0
2306,170,856,2,1
2307,856,2444,3,1
2308,503,856,0,2
2309,856,503,1,1
2310,856,3551,0,0
2311,4467,856,2,1
2312,856,170,1,0
2313,2444,856,4,0
2314,10281,856,1,3
2315,856,170,1,1
2316,170,856,2,0
2317,208,503,3,0
2318,503,208,1,3
2319,503,170,0,3
2320,4467,503,0,1
2321,503,413,0,1
2322,14,503,4,0
2323,409,503,3,1
2324,2444,503,1,3
2325,503,3551,2,4
2326,2662,503,0,0
2327,503,4441,0,0
2328,170,503,2,0
2329,503,4467,2,3
2330,413,503,5,1
2331,503,14,1,2
2332,503,409,2,2
2333,503,2444,3,0
2334,3551,503,0,1
2335,503,2662,3,2
2336,4441,503,2,2
2337,170,503,3,0
2338,503,3551,1,1
2339,2444,503,1,3
2340,503,4467,2,1
2341,503,170,3,4
2342,3551,503,2,2
2343,503,2444,3,2
2344,4467,503,3,1
2345,9114,503,1,0
2346,413,353,4,0
2347,353,413,1,2
2348,114,413,1,0
2349,413,114,2,1
2350,409,413,3,1
2351,413,2662,0,0
2352,413,170,2,1
2353,4467,413,0,1
2354,413,4441,2,0
2355,14,413,0,3
2356,2444,413,1,0
2357,413,3551,1,1
2358,413,409,3,3
2359,2662,413,2,2
2360,170,413,0,1
2361,413,4467,3,3
2362,4441,413,1,1
2363,413,14,2,0
2364,413,2444,2,0
2365,3551,413,1,2
2366,4441,413,0,3
2367,413,409,0,2
2368,413,2662,0,0
2369,14,413,2,2
2370,413,4441,3,0
2371,409,413,2,1
2372,2662,413,0,1
2373,413,14,5,2
2374,23158,413,0,3
2375,11140,413,0,8
2376,3551,413,0,3
2377,413,2662,6,0
2378,413,170,1,1
2379,14,2444,2,1
2380,4441,14,1,0
2381,409,14,2,0
2382,2662,14,0,0
2383,170,14,0,1
2384,4467,14,0,1
2385,3551,14,2,0
2386,2444,14,0,0
2387,14,4441,2,3
2388,14,409,0,2
2389,14,2662,2,0
2390,14,170,6,1
2391,14,4467,4,2
2392,14,3551,1,3
2393,409,14,5,1
2394,4441,14,1,1
2395,14,2662,2,2
2396,2662,14,1,2
2397,14,409,1,2
2398,14,4441,2,0
2399,12083,14,0,4
2400,14,7443,3,1
2401,316,14,2,1
2402,2662,4441,4,3
2403,2444,2662,0,2
2404,3551,2662,1,2
2405,2662,409,1,3
2406,2662,4467,3,0
2407,170,2662,0,2
2408,4441,2662,1,0
2409,2662,2444,2,0
2410,2662,3551,2,1
2411,409,2662,5,1
2412,4467,2662,1,1
2413,2662,170,0,4
2414,2662,4441,1,3
2415,2662,409,1,1
2416,4441,2662,4,0
2417,409,2662,7,0
2418,16213,2662,0,6
2419,10172,2662,0,5
2420,19536,2662,2,3
2421,170,3551,1,1
2422,3551,2444,1,2
2423,3551,409,2,3
2424,4467,3551,2,1
2425,3551,4441,0,1
2426,3551,170,2,2
2427,2444,3551,1,0
2428,409,3551,1,0
2429,3551,4467,6,1
2430,4441,3551,0,0
2431,4467,3551,0,1
2432,3551,170,2,2
2433,2444,3551,0,4
2434,3551,2444,1,4
2435,3551,4467,3,1
2436,170,3551,1,2
2437,4320,3551,0,3
2438,10149,3551,1,2
2439,170,232,2,0
2440,124,170,3,1
2441,1050,170,5,0
2442,170,1050,0,0
2443,232,170,1,2
2444,170,124,1,0
2445,170,46,0,1
2446,46,170,4,0
2447,540,170,2,1
2448,170,540,4,0
2449,170,301,3,1
2450,301,170,2,1
2451,170,4441,0,0
2452,170,2444,2,1
2453,409,170,2,1
2454,4467,170,3,0
2455,4441,170,3,1
2456,2444,170,0,1
2457,170,409,2,0
2458,170,4467,2,2
2459,2444,170,0,2
2460,4467,170,2,4
2461,170,4467,3,4
2462,170,2444,1,0
2463,2235,170,0,5
2464,4441,170,0,3
2465,170,4467,5,2
2466,409,170,2,0
2467,2444,4467,2,1
2468,4441,2444,3,1
2469,409,2444,1,1
2470,4467,2444,2,2
2471,2444,4441,0,0
2472,2444,409,0,2
2473,4467,2444,0,2
2474,2444,4467,1,0
2475,14505,2444,2,3
2476,9114,2444,1,3
2477,4467,2444,4,3
2478,409,4467,2,0
2479,4441,4467,3,4
2480,4467,409,0,4
2481,4467,4441,1,1
2482,10131,4467,1,3
2483,4467,2446,3,0
2484,409,1167,3,0
2485,1167,409,0,1
2486,159,409,0,0
2487,409,159,2,2
2488,23826,409,2,3
2489,409,371,3,1
2490,409,195,3,0
2491,195,409,2,5
2492,409,23826,1,0
2493,371,409,1,2
2494,2282,409,2,1
2495,409,2282,4,0
2496,6195,409,3,0
2497,409,6195,3,1
2498,4441,409,1,4
2499,409,4441,3,0
2500,409,4441,3,1
2501,4441,409,2,1
2502,24830,409,0,6
2503,17663,409,0,6
2504,541,409,0,1
2505,17444,409,1,2
2506,316,409,0,6
2507,19644,4441,1,2
2508,4441,28760,4,0
