contest	date	year	month	day	time	viewers	break	hoamTeam	guestTeam	resultNumeric	homeTotalGoalDiff	guestTotalGoalDiff	homeTeamGoalsDiffAtHome	homeTeamGoalsDiffAway	guestTeamGoalsDiffAtHome	guestTeamGoalsDiffAway	hoamAvgPoints	guestAvgpoints
UEFA CL-Qualifikation  UEFA Champions League-Qualifikation	11.07.2017	2017	07	Di	20:30	4450	45	Hibernians FC	Red Bull Salzburg	-3.000000	0.000000	0.000000	0.000000	0.000000	0.000000	0.000000	0.000000	0.000000
ÖFB-Cup  ÖFB-Cup	15.07.2017	2017	07	Sa	17:00	2000	4	Deutschlandsberger SC	Red Bull Salzburg	-7.000000	0.000000	3.000000	0.000000	0.000000	0.000000	3.000000	0.000000	3.000000
UEFA CL-Qualifikation  UEFA Champions League-Qualifikation	19.07.2017	2017	07	Mi	20:30	5511	4	Red Bull Salzburg	Hibernians FC	3.000000	5.000000	-3.000000	0.000000	5.000000	-3.000000	0.000000	3.000000	0.000000
Bundesliga  Bundesliga	22.07.2017	2017	07	Sa	18:30	4005	3	Wolfsberger AC	Red Bull Salzburg	-2.000000	0.000000	4.333333	0.000000	0.000000	3.000000	5.000000	0.000000	3.000000
UEFA CL-Qualifikation  UEFA Champions League-Qualifikation	26.07.2017	2017	07	Mi	18:45	12714	4	Red Bull Salzburg	HNK Rijeka	0.000000	3.750000	0.000000	3.000000	4.000000	0.000000	0.000000	3.000000	0.000000
Bundesliga  Bundesliga	29.07.2017	2017	07	Sa	16:00	10127	3	Red Bull Salzburg	LASK	0.000000	3.000000	0.000000	1.500000	4.000000	0.000000	0.000000	2.600000	0.000000
UEFA CL-Qualifikation  UEFA Champions League-Qualifikation	02.08.2017	2017	08	Mi	20:45	8118	4	HNK Rijeka	Red Bull Salzburg	0.000000	1.000000	2.500000	0.000000	0.000000	1.000000	4.000000	1.000000	2.333333
Bundesliga  Bundesliga	05.08.2017	2017	08	Sa	18:30	5032	3	Red Bull Salzburg	FC Admira Wacker Mödling	4.000000	2.142857	0.000000	1.000000	3.000000	0.000000	0.000000	2.142857	0.000000
Bundesliga  Bundesliga	12.08.2017	2017	08	Sa	16:00	5013	7	SC Rheindorf Altach	Red Bull Salzburg	-1.000000	0.000000	2.375000	0.000000	0.000000	1.750000	3.000000	0.000000	2.250000
Europa League Qualifikation  Europa League Qualifikation	17.08.2017	2017	08	Do	20:45	3338	5	FC Viitorul	Red Bull Salzburg	-2.000000	0.000000	2.222222	0.000000	0.000000	1.750000	2.600000	0.000000	2.333333
Bundesliga  Bundesliga	20.08.2017	2017	08	So	16:30	6170	3	Red Bull Salzburg	SKN St. Pölten	4.000000	2.300000	0.000000	1.750000	2.500000	0.000000	0.000000	2.400000	0.000000
Europa League Qualifikation  Europa League Qualifikation	24.08.2017	2017	08	Do	19:00	6606	4	Red Bull Salzburg	FC Viitorul	4.000000	2.454545	-2.000000	2.200000	2.500000	-2.000000	0.000000	2.454545	0.000000
Bundesliga  Bundesliga	27.08.2017	2017	08	So	16:30	15124	3	SK Sturm Graz	Red Bull Salzburg	1.000000	0.000000	2.500000	0.000000	0.000000	2.500000	2.500000	0.000000	2.500000
Bundesliga  Bundesliga	10.09.2017	2017	09	So	16:30	12249	14	Red Bull Salzburg	SK Rapid Wien	0.000000	2.384615	0.000000	2.500000	2.000000	0.000000	0.000000	2.307692	0.000000
Europa League  Europa League	14.09.2017	2017	09	Do	21:05	13972	4	Vitória Guimarães SC	Red Bull Salzburg	0.000000	0.000000	2.071429	0.000000	0.000000	2.142857	2.000000	0.000000	2.214286
Bundesliga  Bundesliga	17.09.2017	2017	09	So	16:30	2214	3	SV Mattersburg	Red Bull Salzburg	-1.000000	0.000000	1.933333	0.000000	0.000000	2.142857	1.750000	0.000000	2.133333
ÖFB-Cup  ÖFB-Cup	21.09.2017	2017	09	Do	19:00	1800	4	ASK-BSC Bruck/Leitha	Red Bull Salzburg	0.000000	0.000000	1.875000	0.000000	0.000000	2.142857	1.666667	0.000000	2.187500
Bundesliga  Bundesliga	24.09.2017	2017	09	So	16:30	8107	3	Red Bull Salzburg	FK Austria Wien	0.000000	2.058824	0.000000	2.142857	1.500000	0.000000	0.000000	2.117647	0.000000
Europa League  Europa League	28.09.2017	2017	09	Do	19:00	11832	4	Red Bull Salzburg	Olympique Marseille	1.000000	1.944444	0.000000	1.875000	1.500000	0.000000	0.000000	2.055556	0.000000
Bundesliga  Bundesliga	01.10.2017	2017	10	So	19:00	4712	3	Red Bull Salzburg	Wolfsberger AC	1.000000	1.894737	-2.000000	1.777778	1.500000	-2.000000	0.000000	2.105263	0.000000
Bundesliga  Bundesliga	14.10.2017	2017	10	Sa	16:00	5659	13	LASK	Red Bull Salzburg	-2.000000	1.000000	1.600000	0.000000	0.000000	1.700000	1.500000	1.000000	2.150000
Europa League  Europa League	19.10.2017	2017	10	Do	19:00	23354	5	Konyaspor	Red Bull Salzburg	-2.000000	0.000000	1.619048	0.000000	0.000000	1.700000	1.545455	0.000000	2.190476
Bundesliga  Bundesliga	22.10.2017	2017	10	So	14:00	2302	3	FC Admira Wacker Mödling	Red Bull Salzburg	0.000000	1.000000	1.636364	0.000000	-4.000000	1.700000	1.583333	0.000000	2.227273
ÖFB-Cup  ÖFB-Cup	25.10.2017	2017	10	Mi	19:00	4100	3	TuS Bad Gleichenberg	Red Bull Salzburg	-3.000000	0.000000	1.565217	0.000000	0.000000	1.700000	1.461538	0.000000	2.173913
Bundesliga  Bundesliga	28.10.2017	2017	10	Sa	18:30	6580	3	Red Bull Salzburg	SC Rheindorf Altach	2.000000	1.916667	-1.000000	1.700000	1.571429	-1.000000	0.000000	2.208333	0.000000
Europa League  Europa League	02.11.2017	2017	11	Do	21:05	8773	5	Red Bull Salzburg	Konyaspor	0.000000	1.920000	-2.000000	1.727273	1.571429	-2.000000	0.000000	2.240000	0.000000
Bundesliga  Bundesliga	05.11.2017	2017	11	So	16:30	2760	3	SKN St. Pölten	Red Bull Salzburg	-2.000000	1.000000	1.576923	0.000000	-4.000000	1.583333	1.571429	0.000000	2.192308
Bundesliga  Bundesliga	19.11.2017	2017	11	So	16:30	10241	14	Red Bull Salzburg	SK Sturm Graz	5.000000	1.888889	1.000000	1.583333	1.600000	1.000000	0.000000	2.222222	3.000000
Europa League  Europa League	23.11.2017	2017	11	Do	19:00	6474	4	Red Bull Salzburg	Vitória Guimarães SC	3.000000	2.000000	0.000000	1.846154	1.600000	0.000000	0.000000	2.250000	1.000000
Bundesliga  Bundesliga	26.11.2017	2017	11	So	16:30	24375	3	SK Rapid Wien	Red Bull Salzburg	-1.000000	2.000000	1.758621	0.000000	0.000000	1.928571	1.600000	1.000000	2.275862
Bundesliga  Bundesliga	29.11.2017	2017	11	Mi	18:30	3922	3	Red Bull Salzburg	SV Mattersburg	2.000000	2.066667	-1.000000	1.928571	1.562500	-1.000000	0.000000	2.300000	0.000000
Bundesliga  Bundesliga	03.12.2017	2017	12	So	16:30	6386	4	FK Austria Wien	Red Bull Salzburg	0.000000	0.000000	1.741935	0.000000	0.000000	1.933333	1.562500	1.000000	2.322581
Europa League  Europa League	07.12.2017	2017	12	Do	21:05	23865	4	Olympique Marseille	Red Bull Salzburg	0.000000	0.000000	1.687500	0.000000	-1.000000	1.933333	1.470588	0.000000	2.281250
Bundesliga  Bundesliga	10.12.2017	2017	12	So	16:30	2187	3	Wolfsberger AC	Red Bull Salzburg	0.000000	-0.500000	1.636364	-2.000000	-1.000000	1.933333	1.388889	0.000000	2.242424
Bundesliga  Bundesliga	16.12.2017	2017	12	Sa	16:00	5642	6	Red Bull Salzburg	LASK	0.000000	1.911765	-1.000000	1.933333	1.315789	-2.000000	0.000000	2.205882	0.500000
Bundesliga  Bundesliga	03.02.2018	2018	02	Sa	18:30	4095	49	Red Bull Salzburg	FC Admira Wacker Mödling	1.000000	1.857143	-2.000000	1.812500	1.315789	0.000000	-4.000000	2.171429	0.500000
Bundesliga  Bundesliga	10.02.2018	2018	02	Sa	16:00	3803	7	SC Rheindorf Altach	Red Bull Salzburg	-1.000000	-0.500000	1.527778	-1.000000	-2.000000	1.764706	1.315789	0.000000	2.194444
Europa League  Europa League	15.02.2018	2018	02	Do	19:00	19790	5	Real Sociedad San Sebastián	Red Bull Salzburg	0.000000	0.000000	1.513514	0.000000	0.000000	1.764706	1.300000	0.000000	2.216216
Bundesliga  Bundesliga	18.02.2018	2018	02	So	16:30	4273	3	Red Bull Salzburg	SKN St. Pölten	4.000000	1.815789	-3.000000	1.764706	1.238095	-2.000000	-4.000000	2.184211	0.000000
Europa League  Europa League	22.02.2018	2018	02	Do	21:05	13912	4	Red Bull Salzburg	Real Sociedad San Sebastián	1.000000	1.871795	0.000000	1.888889	1.238095	0.000000	0.000000	2.205128	1.000000
Bundesliga  Bundesliga	25.02.2018	2018	02	So	16:30	7157	3	SK Sturm Graz	Red Bull Salzburg	-2.000000	0.500000	1.525000	1.000000	-5.000000	1.842105	1.238095	1.500000	2.225000
ÖFB-Cup  ÖFB-Cup	28.02.2018	2018	02	Mi	19:30	1535	3	Red Bull Salzburg	SK Austria Klagenfurt	7.000000	1.902439	0.000000	1.842105	1.272727	0.000000	0.000000	2.243902	0.000000
Bundesliga  Bundesliga	04.03.2018	2018	03	So	16:30	11981	4	Red Bull Salzburg	SK Rapid Wien	1.000000	2.023810	-0.500000	2.100000	1.272727	-1.000000	0.000000	2.261905	0.500000
Europa League  Europa League	08.03.2018	2018	03	Do	19:00	53700	4	Borussia Dortmund	Red Bull Salzburg	-1.000000	0.000000	1.651163	0.000000	0.000000	2.047619	1.272727	0.000000	2.279070
Bundesliga  Bundesliga	11.03.2018	2018	03	So	16:30	4176	3	SV Mattersburg	Red Bull Salzburg	0.000000	-0.500000	1.636364	-1.000000	-2.000000	2.047619	1.260870	0.000000	2.295455
Europa League  Europa League	15.03.2018	2018	03	Do	21:05	29320	4	Red Bull Salzburg	Borussia Dortmund	0.000000	2.000000	-1.000000	2.047619	1.208333	-1.000000	0.000000	2.266667	0.000000
Bundesliga  Bundesliga	18.03.2018	2018	03	So	14:30	7026	3	Red Bull Salzburg	FK Austria Wien	5.000000	1.956522	0.000000	1.954545	1.208333	0.000000	0.000000	2.239130	1.000000
Bundesliga  Bundesliga	31.03.2018	2018	03	Sa	18:30	5028	13	Red Bull Salzburg	Wolfsberger AC	2.000000	2.021277	-1.000000	2.086957	1.208333	-1.000000	-1.000000	2.255319	0.333333
Europa League  Europa League	05.04.2018	2018	04	Do	21:05	42538	5	Lazio Rom	Red Bull Salzburg	2.000000	0.000000	1.645833	0.000000	0.000000	2.083333	1.208333	0.000000	2.270833
Bundesliga  Bundesliga	08.04.2018	2018	04	So	15:00	5462	3	LASK	Red Bull Salzburg	1.000000	-0.333333	1.571429	-2.000000	0.000000	2.083333	1.080000	0.666667	2.224490
Europa League  Europa League	12.04.2018	2018	04	Do	21:05	29520	4	Red Bull Salzburg	Lazio Rom	3.000000	1.980000	2.000000	2.083333	1.000000	2.000000	0.000000	2.180000	3.000000
Bundesliga  Bundesliga	15.04.2018	2018	04	So	19:00	2800	3	FC Admira Wacker Mödling	Red Bull Salzburg	-4.000000	0.666667	1.549020	0.000000	-2.500000	2.120000	1.000000	0.333333	2.196078
ÖFB-Cup  ÖFB-Cup	18.04.2018	2018	04	Mi	18:00	4800	3	SV Mattersburg	Red Bull Salzburg	0.000000	-0.333333	1.596154	-0.500000	-2.000000	2.120000	1.111111	0.333333	2.211538
Bundesliga  Bundesliga	22.04.2018	2018	04	So	14:30	6148	4	Red Bull Salzburg	SC Rheindorf Altach	2.000000	2.037736	-1.333333	2.120000	1.071429	-1.000000	-2.000000	2.188679	0.000000
Europa League  Europa League	26.04.2018	2018	04	Do	21:05	63370	4	Olympique Marseille	Red Bull Salzburg	2.000000	0.000000	1.574074	0.000000	-1.000000	2.115385	1.071429	0.500000	2.203704
Bundesliga  Bundesliga	29.04.2018	2018	04	So	19:00	3552	3	SKN St. Pölten	Red Bull Salzburg	-2.000000	-0.333333	1.509091	-2.000000	-4.000000	2.115385	0.965517	0.000000	2.163636
Europa League  Europa League	03.05.2018	2018	05	Do	21:05	29520	4	Red Bull Salzburg	Olympique Marseille	2.000000	2.000000	0.333333	2.115385	1.000000	1.000000	-1.000000	2.178571	1.333333
Bundesliga  Bundesliga	06.05.2018	2018	05	So	16:30	14712	3	Red Bull Salzburg	SK Sturm Graz	3.000000	2.000000	-2.000000	2.111111	1.000000	-0.500000	-5.000000	2.192982	1.000000
ÖFB-Cup  ÖFB-Cup	09.05.2018	2018	05	Mi	20:30	27100	3	SK Sturm Graz	Red Bull Salzburg	0.000000	0.000000	1.551724	-0.500000	-4.000000	2.142857	1.000000	0.750000	2.206897
Bundesliga  Bundesliga	13.05.2018	2018	05	So	16:30	14441	4	SK Rapid Wien	Red Bull Salzburg	-3.000000	0.333333	1.525424	-1.000000	-0.500000	2.142857	0.967742	0.333333	2.186441
Bundesliga  Bundesliga	20.05.2018	2018	05	So	16:30	14441	7	Red Bull Salzburg	SV Mattersburg	1.000000	2.016667	-0.750000	2.142857	1.031250	-0.333333	-2.000000	2.200000	0.500000
Bundesliga  Bundesliga	27.05.2018	2018	05	So	17:30	4300	7	FK Austria Wien	Red Bull Salzburg	4.000000	0.000000	1.540984	0.000000	-2.500000	2.103448	1.031250	0.666667	2.213115
ÖFB-Cup  ÖFB-Cup	14.07.2017	2017	07	Fr	17:30	3000	45	ASK Ebreichsdorf	FK Austria Wien	0.000000	0.000000	-0.250000	0.000000	0.000000	2.000000	-2.500000	0.000000	1.250000
Bundesliga  Bundesliga	23.07.2017	2017	07	So	16:30	5273	9	SC Rheindorf Altach	FK Austria Wien	3.000000	-0.250000	-0.200000	-1.000000	-2.000000	2.000000	-1.666667	0.000000	1.200000
Europa League Qualifikation  Europa League Qualifikation	27.07.2017	2017	07	Do	21:05	5892	4	FK Austria Wien	AEL Limassol	0.000000	0.666667	0.000000	2.000000	-2.000000	0.000000	0.000000	1.000000	0.000000
Bundesliga  Bundesliga	30.07.2017	2017	07	So	16:00	6184	3	FK Austria Wien	SK Sturm Graz	-1.000000	0.571429	-1.800000	1.333333	-2.000000	-0.333333	-4.000000	1.000000	0.800000
Europa League Qualifikation  Europa League Qualifikation	02.08.2017	2017	08	Mi	18:00	9000	3	AEL Limassol	FK Austria Wien	-1.000000	0.000000	-0.625000	0.000000	0.000000	0.750000	-2.000000	1.000000	0.875000
Bundesliga  Bundesliga	06.08.2017	2017	08	So	16:30	26000	4	SK Rapid Wien	FK Austria Wien	0.000000	-0.500000	-0.444444	-2.000000	-0.500000	0.750000	-1.400000	0.250000	1.111111
Bundesliga  Bundesliga	12.08.2017	2017	08	Sa	18:30	6512	6	FK Austria Wien	LASK	2.000000	0.700000	-0.250000	0.750000	-1.166667	-0.500000	0.000000	1.100000	1.250000
Europa League Qualifikation  Europa League Qualifikation	17.08.2017	2017	08	Do	20:45	15000	5	NK Osijek	FK Austria Wien	-1.000000	0.000000	-0.181818	0.000000	0.000000	1.000000	-1.166667	0.000000	1.272727
Bundesliga  Bundesliga	20.08.2017	2017	08	So	19:00	4500	3	SV Mattersburg	FK Austria Wien	-2.000000	-0.200000	-0.083333	-0.333333	-1.500000	1.000000	-0.857143	0.400000	1.416667
Europa League Qualifikation  Europa League Qualifikation	24.08.2017	2017	08	Do	21:05	8000	4	FK Austria Wien	NK Osijek	-1.000000	1.076923	-1.000000	1.000000	-0.500000	-1.000000	0.000000	1.538462	0.000000
Bundesliga  Bundesliga	27.08.2017	2017	08	So	19:00	3300	3	FC Admira Wacker Mödling	FK Austria Wien	-2.000000	-0.500000	0.000000	-2.000000	-2.500000	0.666667	-0.500000	0.250000	1.428571
Bundesliga  Bundesliga	09.09.2017	2017	09	Sa	18:30	5878	13	FK Austria Wien	Wolfsberger AC	0.000000	1.066667	-1.250000	0.666667	-0.222222	-1.000000	-1.500000	1.533333	0.250000
Bundesliga  Bundesliga	14.09.2017	2017	09	Do	19:00	31409	5	FK Austria Wien	AC Mailand	-4.000000	1.000000	0.000000	0.571429	-0.222222	0.000000	0.000000	1.500000	0.000000
Bundesliga  Bundesliga	17.09.2017	2017	09	So	19:00	4424	3	FK Austria Wien	SKN St. Pölten	4.000000	0.705882	-3.000000	0.000000	-0.222222	-2.000000	-4.000000	1.411765	0.000000
ÖFB-Cup  ÖFB-Cup	20.09.2017	2017	09	Mi	18:30	2050	3	Union Vöcklamarkt	FK Austria Wien	-3.000000	0.000000	0.111111	0.000000	0.000000	0.444444	-0.222222	0.000000	1.500000
Bundesliga  Bundesliga	28.09.2017	2017	09	Do	21:05	16954	4	AEK Athen	FK Austria Wien	0.000000	0.000000	0.263158	0.000000	0.000000	0.444444	0.100000	0.000000	1.578947
Bundesliga  Bundesliga	01.10.2017	2017	10	So	16:30	5850	3	FK Austria Wien	SC Rheindorf Altach	2.000000	1.050000	-0.600000	0.444444	0.090909	0.333333	-2.000000	1.550000	0.600000
Bundesliga  Bundesliga	15.10.2017	2017	10	So	16:30	11345	14	SK Sturm Graz	FK Austria Wien	3.000000	0.500000	0.333333	-0.333333	-2.333333	0.600000	0.090909	1.166667	1.619048
Bundesliga  Bundesliga	19.10.2017	2017	10	Do	21:05	20690	4	FK Austria Wien	HNK Rijeka	-2.000000	1.045455	0.000000	0.600000	-0.166667	0.000000	0.000000	1.545455	1.000000
Bundesliga  Bundesliga	22.10.2017	2017	10	So	16:30	14189	3	FK Austria Wien	SK Rapid Wien	-1.000000	0.913043	-1.000000	0.363636	-0.166667	-1.333333	-0.500000	1.478261	0.400000
ÖFB-Cup  ÖFB-Cup	25.10.2017	2017	10	Mi	20:30	14652	3	FK Austria Wien	SK Rapid Wien	-1.000000	0.833333	-0.666667	0.250000	-0.166667	-1.333333	0.000000	1.416667	0.833333
Bundesliga  Bundesliga	28.10.2017	2017	10	Sa	18:30	5613	3	LASK	FK Austria Wien	0.000000	0.000000	0.000000	-0.500000	-0.666667	0.153846	-0.166667	1.000000	1.360000
Bundesliga  Bundesliga	02.11.2017	2017	11	Do	19:00	7912	5	HNK Rijeka	FK Austria Wien	-3.000000	1.333333	0.000000	0.000000	1.000000	0.153846	-0.153846	1.666667	1.346154
Bundesliga  Bundesliga	05.11.2017	2017	11	So	14:00	5892	3	FK Austria Wien	SV Mattersburg	-2.000000	0.925926	-1.000000	0.153846	0.071429	-0.750000	-1.500000	1.407407	0.333333
Bundesliga  Bundesliga	18.11.2017	2017	11	Sa	18:30	6350	13	FK Austria Wien	FC Admira Wacker Mödling	-1.000000	0.821429	-2.200000	0.000000	0.071429	-2.000000	-2.500000	1.357143	0.200000
Bundesliga  Bundesliga	23.11.2017	2017	11	Do	21:05	17932	5	AC Mailand	FK Austria Wien	4.000000	5.000000	0.000000	0.000000	4.000000	-0.066667	0.071429	3.000000	1.310345
Bundesliga  Bundesliga	26.11.2017	2017	11	So	14:00	3500	3	Wolfsberger AC	FK Austria Wien	-1.000000	0.200000	-0.133333	-1.000000	-1.000000	-0.066667	-0.200000	0.400000	1.266667
Bundesliga  Bundesliga	29.11.2017	2017	11	Mi	18:30	2214	3	SKN St. Pölten	FK Austria Wien	1.000000	-0.400000	-0.096774	-2.000000	-4.000000	-0.066667	-0.125000	0.000000	1.322581
Bundesliga  Bundesliga	07.12.2017	2017	12	Do	19:00	23133	4	FK Austria Wien	AEK Athen	0.000000	0.781250	0.000000	-0.066667	-0.176471	0.000000	0.000000	1.281250	1.000000
Bundesliga  Bundesliga	10.12.2017	2017	12	So	14:00	2717	3	SC Rheindorf Altach	FK Austria Wien	1.000000	0.333333	-0.121212	0.333333	-2.000000	-0.062500	-0.176471	0.500000	1.272727
Bundesliga  Bundesliga	17.12.2017	2017	12	So	16:30	6404	7	FK Austria Wien	SK Sturm Graz	1.000000	0.735294	-0.714286	-0.062500	-0.222222	0.500000	-2.333333	1.235294	1.428571
Bundesliga  Bundesliga	04.02.2018	2018	02	So	16:30	25600	49	SK Rapid Wien	FK Austria Wien	0.000000	0.142857	-0.114286	-1.333333	0.250000	0.000000	-0.222222	1.142857	1.285714
Bundesliga  Bundesliga	10.02.2018	2018	02	Sa	18:30	5575	6	FK Austria Wien	LASK	-2.000000	0.750000	-0.500000	0.000000	-0.210526	-0.333333	-0.666667	1.277778	1.000000
Bundesliga  Bundesliga	17.02.2018	2018	02	Sa	18:30	3600	7	SV Mattersburg	FK Austria Wien	1.000000	0.000000	-0.162162	-0.750000	-0.333333	-0.111111	-0.210526	0.714286	1.243243
Bundesliga  Bundesliga	24.02.2018	2018	02	Sa	16:00	2400	7	FC Admira Wacker Mödling	FK Austria Wien	1.000000	-0.166667	-0.184211	-2.000000	-1.333333	-0.111111	-0.250000	0.666667	1.210526
Bundesliga  Bundesliga	03.03.2018	2018	03	Sa	18:30	5012	7	FK Austria Wien	Wolfsberger AC	2.000000	0.692308	-1.000000	-0.111111	-0.285714	-1.000000	-1.000000	1.179487	0.333333
Bundesliga  Bundesliga	10.03.2018	2018	03	Sa	18:30	6055	7	FK Austria Wien	SKN St. Pölten	4.000000	0.725000	-2.500000	0.000000	-0.285714	-1.000000	-4.000000	1.225000	0.500000
Bundesliga  Bundesliga	31.03.2018	2018	03	Sa	18:30	6089	13	FK Austria Wien	SC Rheindorf Altach	1.000000	0.804878	-0.571429	0.200000	-0.285714	0.500000	-2.000000	1.268293	0.857143
Bundesliga  Bundesliga	07.04.2018	2018	04	Sa	16:00	11318	7	SK Sturm Graz	FK Austria Wien	-2.000000	0.750000	-0.023810	0.500000	-2.000000	0.238095	-0.285714	1.250000	1.309524
Bundesliga  Bundesliga	15.04.2018	2018	04	So	16:30	11260	8	FK Austria Wien	SK Rapid Wien	-4.000000	0.837209	-0.375000	0.238095	-0.181818	-1.000000	0.250000	1.348837	1.125000
Bundesliga  Bundesliga	21.04.2018	2018	04	Sa	18:30	5604	6	LASK	FK Austria Wien	1.000000	0.428571	-0.068182	-0.333333	0.000000	0.045455	-0.181818	1.285714	1.318182
Bundesliga  Bundesliga	28.04.2018	2018	04	Sa	16:00	5420	7	FK Austria Wien	SV Mattersburg	-1.000000	0.711111	-0.375000	0.045455	-0.217391	-0.400000	-0.333333	1.288889	1.000000
Bundesliga  Bundesliga	05.05.2018	2018	05	Sa	18:30	6050	7	FK Austria Wien	FC Admira Wacker Mödling	0.000000	0.673913	-1.285714	0.000000	-0.217391	-1.250000	-1.333333	1.260870	1.000000
Bundesliga  Bundesliga	15.05.2018	2018	05	Di	19:00	2639	10	Wolfsberger AC	FK Austria Wien	1.000000	0.000000	-0.106383	-1.000000	-1.250000	0.000000	-0.217391	0.285714	1.255319
Bundesliga  Bundesliga	20.05.2018	2018	05	So	16:30	3083	5	SKN St. Pölten	FK Austria Wien	2.000000	-0.142857	-0.125000	-1.000000	-4.000000	0.000000	-0.250000	0.428571	1.229167
Europa League Qualifikation  Europa League Qualifikation	13.07.2017	2017	07	Do	20:30	7109	45	SK Sturm Graz	Mladost Podgorica	-1.000000	0.444444	0.000000	0.000000	-2.000000	0.000000	0.000000	1.111111	0.000000
ÖFB-Cup  ÖFB-Cup	16.07.2017	2017	07	So	15:30	1800	3	FC Hard	SK Sturm Graz	-3.000000	0.000000	-0.900000	0.000000	0.000000	-0.166667	-2.000000	0.000000	1.000000
Europa League Qualifikation  Europa League Qualifikation	20.07.2017	2017	07	Do	20:30	5500	4	Mladost Podgorica	SK Sturm Graz	-3.000000	1.000000	-0.545455	0.000000	1.000000	-0.166667	-1.000000	3.000000	1.181818
Bundesliga  Bundesliga	23.07.2017	2017	07	So	19:00	7281	3	SK Sturm Graz	SKN St. Pölten	1.000000	0.750000	-2.125000	-0.166667	-0.333333	-0.250000	-4.000000	1.333333	0.750000
Europa League Qualifikation  Europa League Qualifikation	27.07.2017	2017	07	Do	19:00	15000	4	SK Sturm Graz	Fenerbahce Istanbul	-1.000000	0.769231	0.000000	0.000000	-0.333333	0.000000	0.000000	1.461538	0.000000
Europa League Qualifikation  Europa League Qualifikation	03.08.2017	2017	08	Do	19:30	37701	4	Fenerbahce Istanbul	SK Sturm Graz	0.000000	2.000000	-0.214286	0.000000	1.000000	-0.125000	-0.333333	3.000000	1.357143
Bundesliga  Bundesliga	06.08.2017	2017	08	So	19:00	3800	3	SV Mattersburg	SK Sturm Graz	-1.000000	0.444444	-0.200000	-0.400000	0.000000	-0.125000	-0.285714	1.222222	1.333333
Bundesliga  Bundesliga	12.08.2017	2017	08	Sa	18:30	9478	6	SK Sturm Graz	Wolfsberger AC	1.000000	0.812500	-0.875000	-0.125000	-0.125000	-0.500000	-1.250000	1.437500	0.625000
Bundesliga  Bundesliga	19.08.2017	2017	08	Sa	16:00	21000	7	SK Rapid Wien	SK Sturm Graz	-1.000000	0.555556	-0.058824	-1.000000	1.000000	0.000000	-0.125000	1.333333	1.529412
Bundesliga  Bundesliga	09.09.2017	2017	09	Sa	16:00	6009	13	LASK	SK Sturm Graz	1.000000	0.500000	0.000000	0.000000	0.000000	0.000000	0.000000	1.500000	1.611111
Bundesliga  Bundesliga	16.09.2017	2017	09	Sa	18:30	2888	7	FC Admira Wacker Mödling	SK Sturm Graz	1.000000	0.000000	-0.052632	-1.250000	-1.000000	0.000000	-0.100000	1.000000	1.526316
ÖFB-Cup  ÖFB-Cup	20.09.2017	2017	09	Mi	18:00	1123	4	USK Anif	SK Sturm Graz	-1.000000	0.000000	-0.100000	0.000000	0.000000	0.000000	-0.181818	0.000000	1.450000
Bundesliga  Bundesliga	23.09.2017	2017	09	Sa	18:30	9312	3	SK Sturm Graz	SC Rheindorf Altach	0.000000	0.952381	-0.625000	0.000000	-0.083333	0.500000	-1.750000	1.523810	0.750000
Bundesliga  Bundesliga	30.09.2017	2017	09	Sa	16:00	3463	7	SKN St. Pölten	SK Sturm Graz	-3.000000	0.333333	-0.045455	-0.250000	-3.400000	0.000000	-0.083333	0.666667	1.500000
Bundesliga  Bundesliga	21.10.2017	2017	10	Sa	16:00	9387	6	SK Sturm Graz	SV Mattersburg	1.000000	1.000000	-0.300000	0.000000	0.153846	-0.500000	0.000000	1.565217	1.100000
ÖFB-Cup  ÖFB-Cup	25.10.2017	2017	10	Mi	18:00	6770	4	SK Sturm Graz	SC Rheindorf Altach	3.000000	1.000000	-0.555556	0.090909	0.153846	0.500000	-1.400000	1.625000	0.777778
Bundesliga  Bundesliga	29.10.2017	2017	10	So	16:30	4475	4	Wolfsberger AC	SK Sturm Graz	-2.000000	0.222222	0.240000	-0.500000	-1.200000	0.333333	0.153846	0.555556	1.680000
Bundesliga  Bundesliga	04.11.2017	2017	11	Sa	16:00	15549	6	SK Sturm Graz	SK Rapid Wien	0.000000	1.115385	0.000000	0.333333	0.285714	-1.000000	1.000000	1.730769	1.200000
Bundesliga  Bundesliga	25.11.2017	2017	11	Sa	16:00	10536	6	SK Sturm Graz	LASK	1.000000	1.074074	0.111111	0.307692	0.285714	0.200000	0.000000	1.703704	1.666667
Bundesliga  Bundesliga	28.11.2017	2017	11	Di	19:00	6527	3	SK Sturm Graz	FC Admira Wacker Mödling	5.000000	1.071429	-0.888889	0.357143	0.285714	-0.800000	-1.000000	1.750000	1.222222
Bundesliga  Bundesliga	02.12.2017	2017	12	Sa	18:30	3872	4	SC Rheindorf Altach	SK Sturm Graz	-1.000000	0.500000	0.482759	0.500000	-1.666667	0.666667	0.285714	0.700000	1.793103
Bundesliga  Bundesliga	09.12.2017	2017	12	Sa	18:30	8778	7	SK Sturm Graz	SKN St. Pölten	1.000000	1.233333	-2.100000	0.666667	0.333333	-0.800000	-3.400000	1.833333	0.600000
Bundesliga  Bundesliga	03.02.2018	2018	02	Sa	16:00	3400	48	SV Mattersburg	SK Sturm Graz	1.000000	0.454545	0.516129	-0.500000	-0.200000	0.687500	0.333333	1.000000	1.870968
Bundesliga  Bundesliga	10.02.2018	2018	02	Sa	18:30	7183	7	SK Sturm Graz	Wolfsberger AC	-1.000000	1.187500	-1.000000	0.687500	0.250000	-0.800000	-1.200000	1.812500	0.500000
Bundesliga  Bundesliga	17.02.2018	2018	02	Sa	16:00	20200	7	SK Rapid Wien	SK Sturm Graz	0.000000	0.363636	0.424242	-1.000000	0.833333	0.588235	0.250000	1.181818	1.757576
ÖFB-Cup  ÖFB-Cup	28.02.2018	2018	02	Mi	18:00	2811	3	SK Sturm Graz	SV Wimpassing	3.000000	1.117647	0.000000	0.588235	0.235294	0.000000	0.000000	1.735294	0.000000
Bundesliga  Bundesliga	03.03.2018	2018	03	Sa	16:00	5468	3	LASK	SK Sturm Graz	-2.000000	0.500000	0.485714	0.200000	-0.200000	0.722222	0.235294	1.500000	1.771429
Bundesliga  Bundesliga	10.03.2018	2018	03	Sa	18:30	2950	7	FC Admira Wacker Mödling	SK Sturm Graz	-2.000000	0.200000	0.527778	-0.800000	-1.800000	0.722222	0.333333	1.100000	1.805556
Bundesliga  Bundesliga	17.03.2018	2018	03	Sa	18:30	7154	7	SK Sturm Graz	SC Rheindorf Altach	1.000000	1.270270	-0.818182	0.722222	0.421053	0.200000	-1.666667	1.837838	0.636364
Bundesliga  Bundesliga	31.03.2018	2018	03	Sa	18:30	2248	14	SKN St. Pölten	SK Sturm Graz	-4.000000	0.181818	0.578947	-0.800000	-3.000000	0.736842	0.421053	0.545455	1.868421
Bundesliga  Bundesliga	14.04.2018	2018	04	Sa	16:00	8378	7	SK Sturm Graz	SV Mattersburg	3.000000	1.358974	-0.250000	0.736842	0.600000	-0.285714	-0.200000	1.897436	1.166667
ÖFB-Cup  ÖFB-Cup	18.04.2018	2018	04	Mi	20:30	15700	4	SK Sturm Graz	SK Rapid Wien	0.000000	1.400000	0.000000	0.850000	0.600000	-0.833333	0.833333	1.925000	1.166667
Bundesliga  Bundesliga	21.04.2018	2018	04	Sa	16:00	2500	3	Wolfsberger AC	SK Sturm Graz	1.000000	0.090909	0.707317	-0.800000	-0.833333	0.809524	0.600000	0.727273	1.902439
Bundesliga  Bundesliga	29.04.2018	2018	04	So	16:30	14573	8	SK Sturm Graz	SK Rapid Wien	2.000000	1.357143	0.000000	0.809524	0.523810	-0.833333	0.714286	1.857143	1.153846
Bundesliga  Bundesliga	12.05.2018	2018	05	Sa	16:00	12113	3	SK Sturm Graz	LASK	2.000000	1.372093	-0.181818	0.863636	0.523810	-0.166667	-0.200000	1.883721	1.363636
Bundesliga  Bundesliga	20.05.2018	2018	05	So	16:30	13421	8	SK Sturm Graz	FC Admira Wacker Mödling	2.000000	1.386364	-1.363636	0.913043	0.523810	-1.000000	-1.800000	1.909091	1.000000
Bundesliga  Bundesliga	27.05.2018	2018	05	So	17:30	5129	7	SC Rheindorf Altach	SK Sturm Graz	0.000000	0.333333	0.755556	0.200000	-1.571429	0.958333	0.523810	0.583333	1.933333
ÖFB-Cup  ÖFB-Cup	15.07.2017	2017	07	Sa	17:00	717	45	FC Kitzbühel	LASK	-1.000000	0.000000	-0.333333	0.000000	0.000000	-0.166667	-0.500000	0.000000	1.250000
Bundesliga  Bundesliga	22.07.2017	2017	07	Sa	18:30	5277	7	LASK	FC Admira Wacker Mödling	3.000000	0.384615	-1.416667	-0.166667	-0.285714	-1.000000	-1.833333	1.384615	0.916667
Bundesliga  Bundesliga	05.08.2017	2017	08	Sa	16:00	5271	7	LASK	SKN St. Pölten	2.000000	0.571429	-2.166667	0.285714	-0.285714	-1.333333	-3.000000	1.500000	0.500000
Bundesliga  Bundesliga	20.08.2017	2017	08	So	16:30	5276	8	LASK	SC Rheindorf Altach	0.000000	0.666667	-0.769231	0.500000	-0.285714	0.166667	-1.571429	1.600000	0.615385
Bundesliga  Bundesliga	26.08.2017	2017	08	Sa	18:30	19400	6	SK Rapid Wien	LASK	1.000000	0.571429	0.125000	-0.833333	0.375000	0.444444	-0.285714	1.071429	1.562500
Bundesliga  Bundesliga	16.09.2017	2017	09	Sa	18:30	3657	7	Wolfsberger AC	LASK	0.000000	0.166667	0.058824	-0.500000	-0.833333	0.444444	-0.375000	0.916667	1.470588
ÖFB-Cup  ÖFB-Cup	19.09.2017	2017	09	Di	19:00	800	3	SV Grödig	LASK	0.000000	0.000000	0.055556	0.000000	0.000000	0.444444	-0.333333	0.000000	1.444444
Bundesliga  Bundesliga	23.09.2017	2017	09	Sa	18:30	5289	4	LASK	SV Mattersburg	0.000000	0.684211	-0.461538	0.444444	-0.300000	-0.285714	-0.666667	1.421053	1.076923
Bundesliga  Bundesliga	30.09.2017	2017	09	Sa	18:30	1952	7	FC Admira Wacker Mödling	LASK	2.000000	0.000000	0.050000	-1.000000	-2.000000	0.400000	-0.300000	0.846154	1.400000
Bundesliga  Bundesliga	21.10.2017	2017	10	Sa	18:30	2418	7	SKN St. Pölten	LASK	-1.000000	-0.153846	-0.047619	-1.333333	-2.857143	0.400000	-0.454545	0.461538	1.333333
ÖFB-Cup  ÖFB-Cup	24.10.2017	2017	10	Di	19:10	7300	3	SV Ried	LASK	3.000000	0.000000	0.000000	0.000000	0.000000	0.400000	-0.333333	0.000000	1.409091
Bundesliga  Bundesliga	04.11.2017	2017	11	Sa	18:30	4689	7	SC Rheindorf Altach	LASK	-2.000000	0.285714	-0.130435	0.166667	-1.375000	0.400000	-0.538462	0.642857	1.347826
Bundesliga  Bundesliga	18.11.2017	2017	11	Sa	16:00	5962	14	LASK	SK Rapid Wien	-1.000000	0.875000	-0.066667	0.400000	-0.357143	-0.571429	0.375000	1.416667	1.200000
Bundesliga  Bundesliga	29.11.2017	2017	11	Mi	18:30	4457	4	LASK	Wolfsberger AC	2.000000	0.800000	-0.615385	0.272727	-0.357143	-0.428571	-0.833333	1.360000	0.923077
Bundesliga  Bundesliga	02.12.2017	2017	12	Sa	18:30	1716	3	SV Mattersburg	LASK	1.000000	0.571429	0.000000	-0.285714	-0.571429	0.416667	-0.357143	1.071429	1.423077
Bundesliga  Bundesliga	09.12.2017	2017	12	Sa	18:30	3817	7	LASK	FC Admira Wacker Mödling	1.000000	0.814815	-1.285714	0.416667	-0.400000	-0.571429	-2.000000	1.370370	1.000000
Bundesliga  Bundesliga	03.02.2018	2018	02	Sa	18:30	3877	49	LASK	SKN St. Pölten	1.000000	0.821429	-2.071429	0.461538	-0.400000	-1.285714	-2.857143	1.428571	0.428571
Bundesliga  Bundesliga	17.02.2018	2018	02	Sa	18:30	3893	7	LASK	SC Rheindorf Altach	2.000000	0.827586	-0.800000	0.500000	-0.400000	-0.142857	-1.375000	1.482759	0.600000
Bundesliga  Bundesliga	24.02.2018	2018	02	Sa	18:30	16695	7	SK Rapid Wien	LASK	2.000000	0.687500	0.100000	-0.571429	0.444444	0.600000	-0.400000	1.312500	1.533333
Bundesliga  Bundesliga	10.03.2018	2018	03	Sa	18:30	2635	7	Wolfsberger AC	LASK	-3.000000	0.142857	0.032258	-0.428571	-1.000000	0.600000	-0.500000	0.857143	1.483871
Bundesliga  Bundesliga	17.03.2018	2018	03	Sa	18:30	4145	7	LASK	SV Mattersburg	2.000000	0.906250	-0.333333	0.600000	-0.294118	-0.125000	-0.571429	1.531250	1.200000
Bundesliga  Bundesliga	31.03.2018	2018	03	Sa	16:00	2500	14	FC Admira Wacker Mödling	LASK	-1.000000	0.200000	0.181818	-0.571429	-1.875000	0.687500	-0.294118	0.933333	1.575758
Bundesliga  Bundesliga	14.04.2018	2018	04	Sa	18:30	2956	6	SKN St. Pölten	LASK	-2.000000	-0.133333	0.205882	-1.285714	-2.625000	0.687500	-0.222222	0.400000	1.617647
Bundesliga  Bundesliga	28.04.2018	2018	04	Sa	18:30	3776	7	SC Rheindorf Altach	LASK	-2.000000	0.125000	0.257143	-0.142857	-1.444444	0.687500	-0.105263	0.562500	1.657143
Bundesliga  Bundesliga	05.05.2018	2018	05	Sa	16:00	6009	7	LASK	SK Rapid Wien	-2.000000	1.027778	0.117647	0.687500	0.000000	-0.250000	0.444444	1.694444	1.411765
Bundesliga  Bundesliga	20.05.2018	2018	05	So	16:30	5468	8	LASK	Wolfsberger AC	-2.000000	0.945946	-0.866667	0.529412	0.000000	-0.750000	-1.000000	1.648649	0.800000
Bundesliga  Bundesliga	27.05.2018	2018	05	So	17:30	2901	7	SV Mattersburg	LASK	1.000000	0.625000	0.184211	-0.125000	-0.750000	0.388889	0.000000	1.125000	1.605263
ÖFB-Cup  ÖFB-Cup	18.07.2017	2017	07	Di	18:30	700	45	SK Austria Klagenfurt	SKN St. Pölten	1.000000	0.000000	-2.000000	0.000000	-7.000000	-1.375000	-2.625000	0.000000	0.375000
Bundesliga  Bundesliga	29.07.2017	2017	07	Sa	18:30	6139	6	SKN St. Pölten	SK Rapid Wien	-3.000000	-0.176471	0.222222	-1.375000	-2.444444	-0.250000	0.600000	0.352941	1.500000
Bundesliga  Bundesliga	12.08.2017	2017	08	Sa	18:30	2886	7	SKN St. Pölten	SV Mattersburg	0.000000	-0.333333	-0.352941	-1.555556	-2.444444	0.000000	-0.750000	0.333333	1.235294
Bundesliga  Bundesliga	26.08.2017	2017	08	Sa	16:00	3120	6	Wolfsberger AC	SKN St. Pölten	1.000000	0.125000	-1.894737	-0.750000	-0.625000	-1.400000	-2.444444	0.937500	0.368421
Bundesliga  Bundesliga	09.09.2017	2017	09	Sa	18:30	2029	14	SKN St. Pölten	SC Rheindorf Altach	-1.000000	-0.250000	-0.941176	-1.400000	-2.300000	-0.375000	-1.444444	0.350000	0.529412
Bundesliga  Bundesliga	23.09.2017	2017	09	Sa	18:30	2500	6	SKN St. Pölten	FC Admira Wacker Mödling	0.000000	-0.285714	-1.250000	-1.363636	-2.300000	-0.625000	-1.875000	0.333333	0.875000
Bundesliga  Bundesliga	14.10.2017	2017	10	Sa	18:30	24200	14	SK Rapid Wien	SKN St. Pölten	1.000000	1.000000	-1.727273	-0.250000	0.818182	-1.250000	-2.300000	1.578947	0.363636
Bundesliga  Bundesliga	28.10.2017	2017	10	Sa	18:30	2200	7	SV Mattersburg	SKN St. Pölten	0.000000	0.611111	-1.695652	0.000000	-0.666667	-1.250000	-2.181818	1.222222	0.347826
Bundesliga  Bundesliga	18.11.2017	2017	11	Sa	18:30	2053	13	SKN St. Pölten	Wolfsberger AC	0.000000	-0.208333	-0.588235	-1.250000	-2.000000	-0.555556	-0.625000	0.375000	1.058824
Bundesliga  Bundesliga	25.11.2017	2017	11	Sa	18:30	3169	7	SC Rheindorf Altach	SKN St. Pölten	3.000000	0.111111	-1.560000	-0.375000	-1.200000	-1.153846	-2.000000	0.666667	0.400000
Bundesliga  Bundesliga	02.12.2017	2017	12	Sa	18:30	1600	3	FC Admira Wacker Mödling	SKN St. Pölten	1.000000	0.176471	-1.615385	-0.625000	-1.666667	-1.153846	-2.076923	0.882353	0.384615
Bundesliga  Bundesliga	16.12.2017	2017	12	Sa	18:30	3669	7	SKN St. Pölten	SK Rapid Wien	-5.000000	-0.185185	0.400000	-1.153846	-2.000000	-0.111111	0.818182	0.370370	1.650000
Bundesliga  Bundesliga	10.02.2018	2018	02	Sa	18:30	2381	7	SKN St. Pölten	SV Mattersburg	-3.000000	-0.357143	-0.315789	-1.428571	-2.000000	0.000000	-0.666667	0.357143	1.210526
Bundesliga  Bundesliga	24.02.2018	2018	02	Sa	18:30	1912	6	Wolfsberger AC	SKN St. Pölten	-1.000000	0.166667	-1.758621	-0.555556	-0.555556	-1.533333	-2.000000	1.055556	0.344828
Bundesliga  Bundesliga	03.03.2018	2018	03	Sa	18:30	1447	7	SKN St. Pölten	SC Rheindorf Altach	-1.000000	-0.400000	-0.631579	-1.533333	-1.800000	0.000000	-1.200000	0.433333	0.789474
Bundesliga  Bundesliga	17.03.2018	2018	03	Sa	18:30	1346	7	SKN St. Pölten	FC Admira Wacker Mödling	-1.000000	-0.419355	-1.055556	-1.500000	-1.800000	-0.444444	-1.666667	0.419355	1.000000
Bundesliga  Bundesliga	07.04.2018	2018	04	Sa	18:30	9200	7	SK Rapid Wien	SKN St. Pölten	1.000000	1.190476	-1.625000	-0.111111	1.166667	-1.470588	-1.800000	1.714286	0.406250
Bundesliga  Bundesliga	21.04.2018	2018	04	Sa	18:30	2700	7	SV Mattersburg	SKN St. Pölten	0.000000	0.700000	-1.606061	0.000000	-0.300000	-1.470588	-1.750000	1.300000	0.393939
Bundesliga  Bundesliga	05.05.2018	2018	05	Sa	18:30	1788	6	SKN St. Pölten	Wolfsberger AC	-1.000000	-0.352941	-0.578947	-1.470588	-1.647059	-0.600000	-0.555556	0.411765	1.000000
Bundesliga  Bundesliga	12.05.2018	2018	05	Sa	18:30	3613	7	SC Rheindorf Altach	SKN St. Pölten	-2.000000	0.350000	-1.542857	0.000000	-1.000000	-1.444444	-1.647059	0.900000	0.400000
Bundesliga  Bundesliga	27.05.2018	2018	05	So	17:30	2150	7	FC Admira Wacker Mödling	SKN St. Pölten	-2.000000	0.315789	-1.444444	-0.444444	-1.400000	-1.444444	-1.444444	1.105263	0.472222
Relegation Hinspiele	31.05.2018	2018	05	Do	18:30	3200	4	SC Wiener Neustadt	SKN St. Pölten	-2.000000	0.000000	-1.351351	0.000000	0.000000	-1.444444	-1.263158	0.000000	0.540541
Relegation Rückspiele	03.06.2018	2018	06	So	15:30	4844	3	SKN St. Pölten	SC Wiener Neustadt	0.000000	-0.157895	-2.000000	-1.444444	-1.100000	-2.000000	0.000000	0.605263	0.000000
ÖFB-Cup  ÖFB-Cup	15.07.2017	2017	07	Sa	19:00	400	45	FC Marchfeld Mannsdorf	Wolfsberger AC	-1.000000	0.000000	-0.500000	0.000000	0.000000	-0.600000	-0.400000	0.000000	1.100000
Bundesliga  Bundesliga	29.07.2017	2017	07	Sa	18:30	3100	7	SV Mattersburg	Wolfsberger AC	1.000000	0.666667	-0.428571	0.000000	-0.300000	-0.600000	-0.272727	1.285714	1.190476
Bundesliga  Bundesliga	06.08.2017	2017	08	So	16:30	3030	8	Wolfsberger AC	SC Rheindorf Altach	1.000000	0.227273	-0.619048	-0.600000	-0.333333	-0.200000	-1.000000	1.136364	0.857143
Bundesliga  Bundesliga	19.08.2017	2017	08	Sa	18:30	2965	7	Wolfsberger AC	FC Admira Wacker Mödling	2.000000	0.260870	-1.000000	-0.454545	-0.333333	-0.600000	-1.400000	1.217391	1.050000
ÖFB-Cup  ÖFB-Cup	19.09.2017	2017	09	Di	19:00	700	3	FC Gleisdorf 09	Wolfsberger AC	-1.000000	0.000000	-0.291667	0.000000	0.000000	-0.250000	-0.333333	0.000000	1.291667
Bundesliga  Bundesliga	23.09.2017	2017	09	Sa	16:00	20600	4	SK Rapid Wien	Wolfsberger AC	2.000000	1.181818	-0.240000	0.000000	1.166667	-0.250000	-0.230769	1.772727	1.360000
Bundesliga  Bundesliga	14.10.2017	2017	10	Sa	18:30	3230	13	Wolfsberger AC	SV Mattersburg	0.000000	0.461538	-0.090909	-0.250000	-0.357143	0.083333	-0.300000	1.307692	1.363636
Bundesliga  Bundesliga	21.10.2017	2017	10	Sa	18:30	4560	7	SC Rheindorf Altach	Wolfsberger AC	1.000000	0.227273	-0.296296	-0.200000	-1.000000	-0.230769	-0.357143	0.818182	1.296296
ÖFB-Cup  ÖFB-Cup	25.10.2017	2017	10	Mi	18:30	400	4	SV Wimpassing	Wolfsberger AC	1.000000	0.000000	-0.321429	0.000000	-3.000000	-0.230769	-0.400000	0.000000	1.250000
Bundesliga  Bundesliga	04.11.2017	2017	11	Sa	18:30	1558	6	FC Admira Wacker Mödling	Wolfsberger AC	0.000000	0.190476	-0.344828	-0.600000	-1.454545	-0.230769	-0.437500	1.000000	1.206897
Bundesliga  Bundesliga	02.12.2017	2017	12	Sa	16:00	3401	3	Wolfsberger AC	SK Rapid Wien	0.000000	0.466667	0.695652	-0.230769	-0.411765	0.181818	1.166667	1.200000	1.826087
Bundesliga  Bundesliga	16.12.2017	2017	12	Sa	18:30	3000	6	SV Mattersburg	Wolfsberger AC	4.000000	0.739130	-0.322581	0.083333	-0.272727	-0.214286	-0.411765	1.347826	1.193548
Bundesliga  Bundesliga	03.02.2018	2018	02	Sa	18:30	2210	49	Wolfsberger AC	SC Rheindorf Altach	0.000000	0.468750	-0.565217	-0.214286	-0.611111	-0.090909	-1.000000	1.156250	0.913043
Bundesliga  Bundesliga	17.02.2018	2018	02	Sa	18:30	2287	7	Wolfsberger AC	FC Admira Wacker Mödling	-2.000000	0.454545	-1.000000	-0.200000	-0.611111	-0.545455	-1.454545	1.151515	1.000000
Bundesliga  Bundesliga	17.03.2018	2018	03	Sa	16:00	12700	7	SK Rapid Wien	Wolfsberger AC	4.000000	1.166667	-0.470588	0.181818	1.076923	-0.312500	-0.611111	1.791667	1.117647
Bundesliga  Bundesliga	07.04.2018	2018	04	Sa	18:30	2814	7	Wolfsberger AC	SV Mattersburg	-2.000000	0.400000	0.083333	-0.312500	-0.789474	0.384615	-0.272727	1.085714	1.416667
Bundesliga  Bundesliga	14.04.2018	2018	04	Sa	18:30	3827	7	SC Rheindorf Altach	Wolfsberger AC	1.000000	0.250000	-0.611111	-0.090909	-0.923077	-0.411765	-0.789474	0.916667	1.055556
Bundesliga  Bundesliga	28.04.2018	2018	04	Sa	18:30	1700	7	FC Admira Wacker Mödling	Wolfsberger AC	2.000000	0.304348	-0.621622	-0.545455	-1.166667	-0.411765	-0.800000	1.086957	1.027027
Bundesliga  Bundesliga	27.05.2018	2018	05	So	17:30	4000	7	Wolfsberger AC	SK Rapid Wien	0.000000	0.394737	0.800000	-0.411765	-0.857143	0.500000	1.076923	1.000000	1.840000
ÖFB-Cup  ÖFB-Cup	16.07.2017	2017	07	So	16:00	1600	45	SC Schwaz	SK Rapid Wien	-2.000000	0.000000	0.769231	0.000000	0.000000	0.500000	1.000000	0.000000	1.807692
Bundesliga  Bundesliga	22.07.2017	2017	07	Sa	16:00	17800	6	SK Rapid Wien	SV Mattersburg	0.000000	1.259259	0.160000	0.500000	1.066667	0.384615	-0.083333	1.851852	1.480000
Bundesliga  Bundesliga	13.08.2017	2017	08	So	16:30	4700	7	FC Admira Wacker Mödling	SK Rapid Wien	2.000000	0.375000	0.785714	-0.333333	-1.166667	0.461538	1.066667	1.166667	1.821429
Bundesliga  Bundesliga	16.09.2017	2017	09	Sa	16:00	5631	6	SC Rheindorf Altach	SK Rapid Wien	0.000000	0.280000	0.689655	0.000000	-0.923077	0.461538	0.875000	1.000000	1.758621
ÖFB-Cup  ÖFB-Cup	20.09.2017	2017	09	Mi	20:30	4100	4	ASK Elektra	SK Rapid Wien	-4.000000	0.000000	0.666667	0.000000	0.000000	0.461538	0.823529	0.000000	1.733333
Bundesliga  Bundesliga	30.09.2017	2017	09	Sa	18:30	7800	7	SV Mattersburg	SK Rapid Wien	-1.000000	0.961538	0.774194	0.384615	-0.076923	0.461538	1.000000	1.461538	1.774194
Bundesliga  Bundesliga	28.10.2017	2017	10	Sa	16:00	16800	3	SK Rapid Wien	FC Admira Wacker Mödling	1.000000	1.312500	-0.640000	0.461538	1.000000	-0.153846	-1.166667	1.812500	1.240000
Bundesliga  Bundesliga	29.11.2017	2017	11	Mi	20:30	13400	3	SK Rapid Wien	SC Rheindorf Altach	-1.000000	1.303030	-0.461538	0.500000	1.000000	0.000000	-0.923077	1.848485	1.000000
Bundesliga  Bundesliga	09.12.2017	2017	12	Sa	16:00	14400	7	SK Rapid Wien	SV Mattersburg	0.000000	1.235294	0.111111	0.400000	1.000000	0.285714	-0.076923	1.794118	1.407407
Bundesliga  Bundesliga	11.02.2018	2018	02	So	16:30	3200	7	FC Admira Wacker Mödling	SK Rapid Wien	1.000000	0.423077	0.714286	-0.153846	-1.153846	0.375000	1.000000	1.192308	1.771429
ÖFB-Cup  ÖFB-Cup	28.02.2018	2018	02	Mi	20:30	7200	4	SK Rapid Wien	SV Ried	1.000000	1.194444	3.000000	0.375000	0.900000	3.000000	0.000000	1.722222	3.000000
Bundesliga  Bundesliga	10.03.2018	2018	03	Sa	16:00	5193	6	SC Rheindorf Altach	SK Rapid Wien	0.000000	0.333333	0.675676	0.000000	-0.785714	0.411765	0.900000	1.074074	1.756757
Bundesliga  Bundesliga	01.04.2018	2018	04	So	16:30	7100	15	SV Mattersburg	SK Rapid Wien	-2.000000	0.928571	0.657895	0.285714	-0.071429	0.411765	0.857143	1.392857	1.736842
Bundesliga  Bundesliga	22.04.2018	2018	04	So	16:30	18600	4	SK Rapid Wien	FC Admira Wacker Mödling	3.000000	1.230769	-0.592593	0.411765	0.909091	-0.071429	-1.153846	1.769231	1.259259
Bundesliga  Bundesliga	20.05.2018	2018	05	So	16:30	26100	7	SK Rapid Wien	SC Rheindorf Altach	3.000000	1.275000	-0.392857	0.555556	0.909091	0.000000	-0.785714	1.800000	1.071429
ÖFB-Cup  ÖFB-Cup	15.07.2017	2017	07	Sa	17:00	565	45	FC Lendorf	FC Admira Wacker Mödling	-2.000000	0.000000	-0.678571	0.000000	0.000000	-0.071429	-1.285714	0.000000	1.214286
Bundesliga  Bundesliga	30.07.2017	2017	07	So	18:30	1500	8	FC Admira Wacker Mödling	SC Rheindorf Altach	3.000000	0.551724	-0.482759	-0.071429	-1.066667	0.000000	-0.933333	1.275862	1.034483
Bundesliga  Bundesliga	09.09.2017	2017	09	Sa	18:30	2200	13	SV Mattersburg	FC Admira Wacker Mödling	-5.000000	0.827586	-0.466667	0.133333	-0.071429	0.133333	-1.066667	1.344828	1.333333
ÖFB-Cup  ÖFB-Cup	26.09.2017	2017	09	Di	19:00	1300	3	TuS Bad Gleichenberg	FC Admira Wacker Mödling	2.000000	-3.000000	-0.290323	-3.000000	0.000000	0.133333	-0.687500	0.000000	1.387097
Bundesliga  Bundesliga	14.10.2017	2017	10	Sa	18:30	5072	14	SC Rheindorf Altach	FC Admira Wacker Mödling	0.000000	0.366667	-0.343750	0.000000	-1.062500	0.133333	-0.764706	1.000000	1.343750
Bundesliga  Bundesliga	25.11.2017	2017	11	Sa	18:30	1056	7	FC Admira Wacker Mödling	SV Mattersburg	2.000000	0.818182	-0.133333	0.133333	-0.722222	-0.187500	-0.071429	1.333333	1.300000
Bundesliga  Bundesliga	16.12.2017	2017	12	Sa	18:30	1400	7	FC Admira Wacker Mödling	SC Rheindorf Altach	2.000000	0.852941	-0.548387	0.250000	-0.722222	0.000000	-1.062500	1.382353	1.000000
Bundesliga  Bundesliga	03.03.2018	2018	03	Sa	18:30	2100	7	SV Mattersburg	FC Admira Wacker Mödling	1.000000	0.612903	-0.200000	-0.187500	-0.200000	0.352941	-0.722222	1.258065	1.428571
Bundesliga  Bundesliga	07.04.2018	2018	04	Sa	18:30	4069	7	SC Rheindorf Altach	FC Admira Wacker Mödling	-1.000000	0.375000	-0.222222	0.000000	-1.117647	0.352941	-0.736842	0.968750	1.388889
Bundesliga  Bundesliga	12.05.2018	2018	05	Sa	18:30	3307	7	FC Admira Wacker Mödling	SV Mattersburg	0.000000	0.945946	-0.156250	0.352941	-0.650000	-0.117647	-0.200000	1.432432	1.312500
ÖFB-Cup  ÖFB-Cup	15.07.2017	2017	07	Sa	17:00	800	45	FC Pinzgau Saalfelden	SV Mattersburg	-5.000000	0.000000	-0.151515	0.000000	0.000000	-0.117647	-0.187500	0.000000	1.303030
Bundesliga  Bundesliga	27.08.2017	2017	08	So	16:30	4613	7	SC Rheindorf Altach	SV Mattersburg	1.000000	0.333333	0.000000	-0.062500	-1.117647	-0.117647	0.117647	0.939394	1.352941
ÖFB-Cup  ÖFB-Cup	26.09.2017	2017	09	Di	19:00	500	3	SC/ESV Parndorf	SV Mattersburg	-1.000000	0.000000	-0.028571	0.000000	0.000000	-0.117647	0.055556	0.000000	1.314286
ÖFB-Cup  ÖFB-Cup	24.10.2017	2017	10	Di	15:00	600	3	ASKÖ Oedt	SV Mattersburg	-3.000000	0.000000	0.000000	0.000000	0.000000	-0.117647	0.105263	0.000000	1.361111
Bundesliga  Bundesliga	18.11.2017	2017	11	Sa	18:30	1950	13	SV Mattersburg	SC Rheindorf Altach	1.000000	0.864865	-0.558824	-0.117647	0.250000	0.000000	-1.117647	1.405405	1.000000
Bundesliga  Bundesliga	24.02.2018	2018	02	Sa	18:30	3113	7	SC Rheindorf Altach	SV Mattersburg	0.000000	0.342857	0.105263	0.000000	-1.111111	-0.055556	0.250000	0.971429	1.447368
ÖFB-Cup  ÖFB-Cup	27.02.2018	2018	02	Di	19:30	500	3	SV Mattersburg	TSV Hartberg	3.000000	0.871795	0.000000	-0.055556	0.238095	0.000000	0.000000	1.435897	0.000000
Bundesliga  Bundesliga	05.05.2018	2018	05	Sa	18:30	2400	7	SV Mattersburg	SC Rheindorf Altach	-1.000000	0.925000	-0.555556	0.105263	0.238095	0.000000	-1.111111	1.475000	0.972222
Europa League Qualifikation  Europa League Qualifikation	29.06.2017	2017	06	Do	18:00	1700	45	Chikhura Sachkhere	SC Rheindorf Altach	-1.000000	0.000000	-0.513514	0.000000	0.000000	0.000000	-1.000000	0.000000	1.027027
Bundesliga  Bundesliga	06.07.2017	2017	07	Do	20:30	3335	7	SC Rheindorf Altach	Chikhura Sachkhere	0.000000	0.368421	-1.000000	0.000000	-0.900000	-1.000000	0.000000	1.078947	0.000000
Europa League Qualifikation  Europa League Qualifikation	13.07.2017	2017	07	Do	18:30	2811	7	SC Rheindorf Altach	Dynamo Brest	0.000000	0.358974	0.000000	0.000000	-0.900000	0.000000	0.000000	1.076923	0.000000
ÖFB-Cup  ÖFB-Cup	16.07.2017	2017	07	So	11:00	3000	3	FC Dornbirn	SC Rheindorf Altach	-4.000000	0.000000	-0.450000	0.000000	0.000000	0.000000	-0.900000	0.000000	1.075000
Europa League Qualifikation  Europa League Qualifikation	20.07.2017	2017	07	Do	18:30	10100	4	Dynamo Brest	SC Rheindorf Altach	-3.000000	1.000000	-0.341463	0.000000	0.000000	0.000000	-0.666667	1.000000	1.121951
Europa League Qualifikation  Europa League Qualifikation	27.07.2017	2017	07	Do	20:30	13745	4	KAA Gent	SC Rheindorf Altach	0.000000	0.000000	-0.261905	0.000000	0.000000	0.000000	-0.500000	0.000000	1.166667
Europa League Qualifikation  Europa League Qualifikation	03.08.2017	2017	08	Do	20:30	3852	4	SC Rheindorf Altach	KAA Gent	2.000000	0.534884	0.000000	0.000000	-0.478261	0.000000	0.000000	1.162791	1.000000
Europa League Qualifikation  Europa League Qualifikation	17.08.2017	2017	08	Do	20:30	5269	5	SC Rheindorf Altach	Maccabi Tel Aviv	-1.000000	0.568182	0.000000	0.095238	-0.478261	0.000000	0.000000	1.204545	0.000000
Europa League Qualifikation  Europa League Qualifikation	24.08.2017	2017	08	Do	19:00	10637	4	Maccabi Tel Aviv	SC Rheindorf Altach	0.000000	1.000000	-0.222222	0.000000	1.000000	0.045455	-0.478261	3.000000	1.177778
ÖFB-Cup  ÖFB-Cup	20.09.2017	2017	09	Mi	19:00	900	4	Union Gurten	SC Rheindorf Altach	0.000000	0.000000	-0.217391	0.000000	0.000000	0.045455	-0.458333	0.000000	1.173913
ÖFB-Cup  ÖFB-Cup	20.07.2018	2018	07	Fr	19:00	3,100	45	WSC Hertha Wels	LASK	-3.000000	0.000000	0.000000	0.000000	0.000000	0.000000	0.000000	0.000000	0.000000
ÖFB-Cup  ÖFB-Cup	20.07.2018	2018	07	Fr	18:30	1,000	45	SK Maria Saal	SKN St. Pölten	-6.000000	0.000000	0.000000	0.000000	0.000000	0.000000	0.000000	0.000000	0.000000
ÖFB-Cup  ÖFB-Cup	20.07.2018	2018	07	Fr	20:20	2,000	45	FC Kufstein	SK Rapid Wien	-5.000000	0.000000	0.000000	0.000000	0.000000	0.000000	0.000000	0.000000	0.000000
ÖFB-Cup  ÖFB-Cup	20.07.2018	2018	07	Fr	19:00	800	45	SC Neusiedl/See	FC Admira Wacker Mödling	1.000000	0.000000	0.000000	0.000000	0.000000	0.000000	0.000000	0.000000	0.000000
ÖFB-Cup  ÖFB-Cup	20.07.2018	2018	07	Fr	19:00	530	45	SV Allerheiligen	SV Mattersburg	-2.000000	0.000000	0.000000	0.000000	0.000000	0.000000	0.000000	0.000000	0.000000
ÖFB-Cup  ÖFB-Cup	20.07.2018	2018	07	Fr	18:30	150	45	SV Grödig	TSV Hartberg	0.000000	0.000000	0.000000	0.000000	0.000000	0.000000	0.000000	0.000000	0.000000
ÖFB-Cup  ÖFB-Cup	21.07.2018	2018	07	Sa	16:30	1,000	45	ASV Siegendorf	SK Sturm Graz	-2.000000	0.000000	0.000000	0.000000	0.000000	0.000000	0.000000	0.000000	0.000000
ÖFB-Cup  ÖFB-Cup	21.07.2018	2018	07	Sa	18:00	600	45	Union Gurten	Wolfsberger AC	-1.000000	0.000000	0.000000	0.000000	0.000000	0.000000	0.000000	0.000000	0.000000
ÖFB-Cup  ÖFB-Cup	21.07.2018	2018	07	Sa	17:00	800	45	Team Wiener Linien	FC Wacker Innsbruck	-1.000000	0.000000	0.000000	0.000000	0.000000	0.000000	0.000000	0.000000	0.000000
ÖFB-Cup  ÖFB-Cup	22.07.2018	2018	07	So	11:00	2,152	45	FV Austria XIII	FK Austria Wien	-4.000000	0.000000	0.000000	0.000000	0.000000	0.000000	0.000000	0.000000	0.000000
ÖFB-Cup  ÖFB-Cup	22.07.2018	2018	07	So	17:15	2,112	45	ASKÖ Oedt	Red Bull Salzburg	-6.000000	0.000000	0.000000	0.000000	0.000000	0.000000	0.000000	0.000000	0.000000
ÖFB-Cup  ÖFB-Cup	22.07.2018	2018	07	So	16:30	600	45	SC/ESV Parndorf	SC Rheindorf Altach	-3.000000	0.000000	0.000000	0.000000	0.000000	0.000000	0.000000	0.000000	0.000000
UEFA CL-Qualifikation  UEFA Champions League-Qualifikation	25.07.2018	2018	07	Mi	20:30	53,106	4	Ajax Amsterdam	SK Sturm Graz	2.000000	0.000000	2.000000	0.000000	0.000000	0.000000	2.000000	0.000000	3.000000
Europa League Qualifikation  Europa League Qualifikation	26.07.2018	2018	07	Do	19:45	8,304	6	LASK	Lillestrøm SK	4.000000	3.000000	0.000000	0.000000	3.000000	0.000000	0.000000	3.000000	0.000000
Europa League Qualifikation  Europa League Qualifikation	26.07.2018	2018	07	Do	19:00	8,000	6	ZSKA Sofia	FC Admira Wacker Mödling	3.000000	0.000000	-1.000000	0.000000	0.000000	0.000000	-1.000000	0.000000	0.000000
Bundesliga  Bundesliga	27.07.2018	2018	07	Fr	20:45	13,155	5	FK Austria Wien	FC Wacker Innsbruck	1.000000	4.000000	1.000000	0.000000	4.000000	0.000000	1.000000	3.000000	3.000000
Bundesliga  Bundesliga	28.07.2018	2018	07	Sa	17:00	10,785	3	SK Sturm Graz	TSV Hartberg	1.000000	1.000000	0.000000	0.000000	0.000000	0.000000	0.000000	1.500000	1.000000
Bundesliga  Bundesliga	28.07.2018	2018	07	Sa	17:00	4,523	8	SC Rheindorf Altach	SV Mattersburg	-1.000000	3.000000	2.000000	0.000000	3.000000	0.000000	2.000000	3.000000	3.000000
Bundesliga  Bundesliga	29.07.2018	2018	07	So	17:00	11,532	7	Red Bull Salzburg	LASK	2.000000	6.000000	3.500000	0.000000	6.000000	4.000000	3.000000	3.000000	3.000000
Bundesliga  Bundesliga	29.07.2018	2018	07	So	17:00	2,786	9	SKN St. Pölten	Wolfsberger AC	1.000000	6.000000	1.000000	0.000000	6.000000	0.000000	1.000000	3.000000	3.000000
Bundesliga  Bundesliga	29.07.2018	2018	07	So	17:00	5,200	9	FC Admira Wacker Mödling	SK Rapid Wien	-3.000000	0.000000	5.000000	0.000000	-2.000000	0.000000	5.000000	0.000000	3.000000
UEFA CL-Qualifikation  UEFA Champions League-Qualifikation	01.08.2018	2018	08	Mi	20:30	15,172	4	SK Sturm Graz	Ajax Amsterdam	-2.000000	1.000000	2.000000	1.000000	0.000000	2.000000	0.000000	2.000000	3.000000
Europa League Qualifikation  Europa League Qualifikation	02.08.2018	2018	08	Do	18:30	1,975	4	Lillestrøm SK	LASK	-1.000000	0.000000	1.666667	0.000000	-4.000000	4.000000	0.500000	0.000000	2.000000
Europa League Qualifikation  Europa League Qualifikation	02.08.2018	2018	08	Do	19:00	2,400	4	FC Admira Wacker Mödling	ZSKA Sofia	-2.000000	-1.000000	3.000000	-3.000000	-2.000000	3.000000	0.000000	0.000000	3.000000
Bundesliga  Bundesliga	04.08.2018	2018	08	Sa	17:00	7,820	3	FC Wacker Innsbruck	SK Sturm Graz	-1.000000	2.000000	-0.250000	0.000000	0.000000	-0.500000	0.000000	1.500000	1.500000
Bundesliga  Bundesliga	04.08.2018	2018	08	Sa	17:00	3,500	6	SV Mattersburg	Red Bull Salzburg	-2.000000	3.000000	4.000000	0.000000	1.500000	2.000000	6.000000	3.000000	3.000000
Bundesliga  Bundesliga	04.08.2018	2018	08	Sa	17:00	15,200	6	SK Rapid Wien	SC Rheindorf Altach	0.000000	4.000000	1.000000	0.000000	4.000000	-1.000000	3.000000	3.000000	1.500000
Bundesliga  Bundesliga	05.08.2018	2018	08	So	17:30	4,727	9	Wolfsberger AC	FK Austria Wien	1.000000	2.500000	2.500000	0.000000	0.000000	1.000000	4.000000	1.500000	3.000000
Bundesliga  Bundesliga	05.08.2018	2018	08	So	17:00	5,061	3	LASK	SKN St. Pölten	0.000000	2.500000	3.500000	4.000000	0.666667	1.000000	6.000000	2.250000	3.000000
Bundesliga  Bundesliga	05.08.2018	2018	08	So	17:00	3,146	3	TSV Hartberg	FC Admira Wacker Mödling	-1.000000	1.500000	-2.250000	0.000000	-0.500000	-2.500000	-2.000000	0.500000	0.000000
UEFA CL-Qualifikation  UEFA Champions League-Qualifikation	08.08.2018	2018	08	Mi	19:00	10,050	4	Red Bull Salzburg	Shkendija Tetovo	3.000000	3.333333	0.000000	2.000000	4.000000	0.000000	0.000000	3.000000	0.000000
Europa League Qualifikation  Europa League Qualifikation	09.08.2018	2018	08	Do	19:00	7,650	5	SK Sturm Graz	AEK Larnaka	-2.000000	0.800000	0.000000	-0.500000	0.333333	0.000000	0.000000	1.800000	0.000000
Europa League Qualifikation  Europa League Qualifikation	09.08.2018	2018	08	Do	19:00	24,476	4	Besiktas Istanbul	LASK	1.000000	0.000000	1.200000	0.000000	0.000000	2.000000	0.666667	0.000000	2.000000
Europa League Qualifikation  Europa League Qualifikation	09.08.2018	2018	08	Do	21:05	9,563	5	Slovan Bratislava	SK Rapid Wien	1.000000	0.000000	2.666667	0.000000	0.000000	0.000000	4.000000	0.000000	2.333333
Bundesliga  Bundesliga	11.08.2018	2018	08	Sa	17:00	10,734	6	Red Bull Salzburg	FK Austria Wien	2.000000	3.250000	1.333333	2.500000	4.000000	1.000000	1.500000	3.000000	2.000000
Bundesliga  Bundesliga	11.08.2018	2018	08	Sa	17:00	2,812	7	TSV Hartberg	SV Mattersburg	2.000000	0.666667	0.333333	-1.000000	-0.500000	-2.000000	1.500000	0.333333	2.000000
Bundesliga  Bundesliga	11.08.2018	2018	08	Sa	17:00	5,845	7	SC Rheindorf Altach	FC Wacker Innsbruck	-1.000000	1.000000	-0.333333	-1.000000	1.500000	-1.000000	0.000000	1.333333	1.000000
Bundesliga  Bundesliga	12.08.2018	2018	08	So	17:00	3,450	3	SKN St. Pölten	SK Sturm Graz	2.000000	2.333333	-0.333333	1.000000	3.000000	-1.000000	0.333333	2.333333	1.500000
Bundesliga  Bundesliga	12.08.2018	2018	08	So	17:00	1,850	3	FC Admira Wacker Mödling	LASK	-1.000000	-0.800000	0.833333	-2.500000	-1.000000	2.000000	0.250000	0.600000	1.666667
Bundesliga  Bundesliga	12.08.2018	2018	08	So	17:00	14,800	7	SK Rapid Wien	Wolfsberger AC	0.000000	2.250000	0.333333	0.000000	2.333333	1.000000	0.000000	1.750000	2.000000
UEFA CL-Qualifikation  UEFA Champions League-Qualifikation	14.08.2018	2018	08	Di	20:15	5,000	3	Shkendija Tetovo	Red Bull Salzburg	-1.000000	0.000000	3.000000	0.000000	-3.000000	2.333333	4.000000	0.000000	3.000000
Europa League Qualifikation  Europa League Qualifikation	16.08.2018	2018	08	Do	17:30	4,145	4	AEK Larnaka	SK Sturm Graz	5.000000	2.000000	-0.571429	0.000000	2.000000	-1.000000	-0.250000	3.000000	1.285714
Europa League Qualifikation  Europa League Qualifikation	16.08.2018	2018	08	Do	19:45	14,000	4	LASK	Besiktas Istanbul	1.000000	1.571429	1.000000	2.000000	0.400000	1.000000	0.000000	1.857143	3.000000
Europa League Qualifikation  Europa League Qualifikation	16.08.2018	2018	08	Do	20:30	17,800	4	SK Rapid Wien	Slovan Bratislava	4.000000	1.800000	1.000000	0.000000	2.333333	1.000000	0.000000	1.600000	3.000000
Bundesliga  Bundesliga	18.08.2018	2018	08	Sa	17:00	7,600	4	Red Bull Salzburg	TSV Hartberg	2.000000	2.666667	0.000000	2.333333	3.000000	0.500000	-0.500000	3.000000	1.000000
Bundesliga  Bundesliga	18.08.2018	2018	08	Sa	17:00	4,321	6	FC Wacker Innsbruck	SKN St. Pölten	-2.000000	1.250000	2.250000	-1.000000	0.333333	1.500000	3.000000	1.500000	2.500000
Bundesliga  Bundesliga	18.08.2018	2018	08	Sa	17:00	2,200	6	SV Mattersburg	Wolfsberger AC	-6.000000	1.500000	0.250000	-2.000000	0.333333	1.000000	0.000000	1.500000	1.750000
Bundesliga  Bundesliga	19.08.2018	2018	08	So	17:00	10,055	8	FK Austria Wien	FC Admira Wacker Mödling	4.000000	1.250000	-1.500000	1.000000	0.333333	-2.000000	-1.000000	1.500000	0.500000
Bundesliga  Bundesliga	19.08.2018	2018	08	So	17:00	6,712	3	SK Sturm Graz	SC Rheindorf Altach	0.000000	0.250000	0.250000	-1.000000	-1.200000	-1.000000	1.500000	1.125000	1.000000
Bundesliga  Bundesliga	19.08.2018	2018	08	So	17:00	5,864	3	LASK	SK Rapid Wien	1.000000	1.500000	1.833333	1.666667	0.400000	1.333333	2.333333	2.000000	1.833333
UEFA CL-Qualifikation  UEFA Champions League-Qualifikation	21.08.2018	2018	08	Di	21:00	0	3	Roter Stern Belgrad	Red Bull Salzburg	0.000000	0.000000	2.571429	0.000000	0.000000	2.250000	3.000000	0.000000	3.000000
Europa League Qualifikation  Europa League Qualifikation	23.08.2018	2018	08	Do	20:30	19,300	4	SK Rapid Wien	FCSB	2.000000	2.000000	0.000000	1.333333	1.500000	0.000000	0.000000	1.571429	0.000000
Bundesliga  Bundesliga	25.08.2018	2018	08	Sa	17:00	5,424	6	SKN St. Pölten	FK Austria Wien	0.000000	2.200000	1.200000	1.500000	2.666667	2.500000	0.333333	2.600000	1.800000
Bundesliga  Bundesliga	25.08.2018	2018	08	Sa	17:00	5,635	6	Wolfsberger AC	SK Sturm Graz	0.000000	2.400000	-1.000000	1.000000	1.500000	-0.750000	-1.200000	2.000000	1.111111
Bundesliga  Bundesliga	25.08.2018	2018	08	Sa	17:00	4,125	4	SC Rheindorf Altach	Red Bull Salzburg	-1.000000	0.600000	2.250000	-1.000000	1.000000	2.250000	2.250000	1.000000	2.750000
Bundesliga  Bundesliga	26.08.2018	2018	08	So	17:00	3,141	7	TSV Hartberg	LASK	-1.000000	0.800000	0.888889	0.500000	-1.000000	1.500000	0.400000	0.800000	2.111111
Bundesliga  Bundesliga	26.08.2018	2018	08	So	17:00	17,400	3	SK Rapid Wien	FC Wacker Innsbruck	1.000000	2.000000	-0.400000	1.500000	1.500000	-1.500000	0.333333	1.750000	1.200000
Bundesliga  Bundesliga	26.08.2018	2018	08	So	17:00	3,400	7	FC Admira Wacker Mödling	SV Mattersburg	0.000000	-0.714286	-1.400000	-2.000000	-1.750000	-4.000000	0.333333	0.428571	1.200000
UEFA CL-Qualifikation  UEFA Champions League-Qualifikation	29.08.2018	2018	08	Mi	21:00	26,500	4	Red Bull Salzburg	Roter Stern Belgrad	0.000000	2.333333	0.000000	2.250000	2.000000	0.000000	0.000000	2.777778	1.000000
Europa League Qualifikation  Europa League Qualifikation	30.08.2018	2018	08	Do	20:30	31,274	4	FCSB	SK Rapid Wien	1.000000	1.000000	1.444444	0.000000	-2.000000	1.400000	1.500000	0.000000	1.888889
Bundesliga  Bundesliga	01.09.2018	2018	09	Sa	17:00	9,046	7	FK Austria Wien	SV Mattersburg	1.000000	1.500000	-1.166667	2.500000	0.250000	-4.000000	0.250000	1.666667	1.166667
Bundesliga  Bundesliga	01.09.2018	2018	09	Sa	17:00	3,248	7	SC Rheindorf Altach	SKN St. Pölten	-1.000000	0.333333	1.833333	-1.000000	1.000000	1.000000	2.666667	0.833333	2.333333
Bundesliga  Bundesliga	01.09.2018	2018	09	Sa	17:00	3,115	6	FC Wacker Innsbruck	TSV Hartberg	1.000000	0.666667	-0.500000	-1.500000	0.000000	0.000000	-1.000000	1.000000	0.666667
Bundesliga  Bundesliga	02.09.2018	2018	09	So	17:00	14,487	8	SK Sturm Graz	SK Rapid Wien	0.000000	0.300000	1.200000	-0.750000	-1.000000	1.400000	1.000000	1.100000	1.700000
Bundesliga  Bundesliga	02.09.2018	2018	09	So	17:00	6,489	4	Red Bull Salzburg	FC Admira Wacker Mödling	2.000000	2.100000	-1.625000	1.800000	2.000000	-1.500000	-1.750000	2.600000	0.500000
Bundesliga  Bundesliga	02.09.2018	2018	09	So	17:00	5,119	7	LASK	Wolfsberger AC	2.000000	1.400000	1.166667	1.500000	0.500000	0.500000	1.500000	2.200000	1.833333
Bundesliga  Bundesliga	15.09.2018	2018	09	Sa	17:00	2,400	13	FC Admira Wacker Mödling	SK Sturm Graz	-1.000000	-0.444444	-0.818182	-1.500000	-1.800000	-0.600000	-1.000000	0.444444	1.090909
Bundesliga  Bundesliga	15.09.2018	2018	09	Sa	17:00	5,511	13	SKN St. Pölten	Red Bull Salzburg	-2.000000	1.857143	1.909091	1.000000	2.250000	1.833333	2.000000	2.428571	2.636364
Bundesliga  Bundesliga	15.09.2018	2018	09	Sa	17:00	2,166	14	TSV Hartberg	SC Rheindorf Altach	1.000000	0.571429	-0.142857	0.000000	-1.000000	-1.000000	1.000000	0.571429	0.714286
Bundesliga  Bundesliga	16.09.2018	2018	09	So	17:00	26,000	15	SK Rapid Wien	FK Austria Wien	-1.000000	1.727273	1.000000	1.400000	0.833333	2.000000	0.250000	1.636364	1.857143
Bundesliga  Bundesliga	16.09.2018	2018	09	So	14:30	1,952	14	SV Mattersburg	LASK	-2.000000	0.142857	1.000000	-4.000000	0.000000	1.600000	0.500000	1.000000	2.272727
Bundesliga  Bundesliga	16.09.2018	2018	09	So	14:30	3,887	14	Wolfsberger AC	FC Wacker Innsbruck	2.000000	1.714286	-0.285714	0.500000	0.800000	-0.666667	0.000000	1.571429	1.285714
Europa League  Europa League	20.09.2018	2018	09	Do	21:00	24,057	5	RasenBallsport Leipzig	Red Bull Salzburg	-1.000000	0.000000	1.916667	0.000000	0.000000	1.833333	2.000000	0.000000	2.666667
Europa League  Europa League	20.09.2018	2018	09	Do	18:55	21,400	4	SK Rapid Wien	Spartak Moskau	2.000000	1.500000	0.000000	1.000000	0.833333	0.000000	0.000000	1.500000	0.000000
Bundesliga  Bundesliga	22.09.2018	2018	09	Sa	17:00	6,958	7	SK Sturm Graz	SV Mattersburg	-1.000000	0.500000	-1.250000	-0.600000	-0.714286	-3.333333	0.000000	1.250000	0.875000
Bundesliga  Bundesliga	22.09.2018	2018	09	Sa	17:00	2,565	7	SKN St. Pölten	TSV Hartberg	3.000000	1.375000	-0.375000	0.250000	2.250000	0.250000	-1.000000	2.125000	0.875000
Bundesliga  Bundesliga	22.09.2018	2018	09	Sa	17:00	3,267	6	SC Rheindorf Altach	Wolfsberger AC	-1.000000	0.250000	0.875000	-1.000000	0.500000	1.000000	0.800000	0.625000	1.750000
Bundesliga  Bundesliga	23.09.2018	2018	09	So	14:30	10,076	7	FK Austria Wien	LASK	-3.000000	1.375000	1.083333	2.000000	0.400000	1.600000	0.714286	2.000000	2.333333
Bundesliga  Bundesliga	23.09.2018	2018	09	So	17:00	15,973	3	Red Bull Salzburg	SK Rapid Wien	1.000000	2.230769	1.000000	1.833333	1.857143	1.142857	0.833333	2.692308	1.615385
Bundesliga  Bundesliga	23.09.2018	2018	09	So	14:30	3,620	8	FC Wacker Innsbruck	FC Admira Wacker Mödling	-2.000000	0.750000	-1.600000	-0.666667	-0.400000	-1.400000	-1.800000	1.125000	0.400000
ÖFB-Cup  ÖFB-Cup	25.09.2018	2018	09	Di	18:30	2,312	3	Wolfsberger AC	SK Austria Klagenfurt	4.000000	1.666667	0.000000	1.000000	0.833333	0.000000	0.000000	1.888889	0.000000
ÖFB-Cup  ÖFB-Cup	25.09.2018	2018	09	Di	16:00	540	3	SV Leobendorf	SC Rheindorf Altach	-1.000000	0.000000	-0.333333	0.000000	0.000000	-1.000000	0.500000	0.000000	0.555556
ÖFB-Cup  ÖFB-Cup	25.09.2018	2018	09	Di	19:00	875	3	TSV Hartberg	WSG Wattens	3.000000	0.555556	0.000000	0.250000	-1.400000	0.000000	0.000000	0.777778	0.000000
ÖFB-Cup  ÖFB-Cup	26.09.2018	2018	09	Mi	20:45	8,900	3	FK Austria Wien	SK Sturm Graz	2.000000	0.888889	-0.692308	0.750000	0.400000	-0.666667	-0.714286	1.777778	1.153846
ÖFB-Cup  ÖFB-Cup	26.09.2018	2018	09	Mi	20:30	1,300	3	SC Schwaz	Red Bull Salzburg	-6.000000	0.000000	1.785714	0.000000	0.000000	1.714286	1.857143	0.000000	2.714286
ÖFB-Cup  ÖFB-Cup	26.09.2018	2018	09	Mi	19:00	2,000	3	ATSV Stadl-Paura	LASK	-8.000000	0.000000	1.230769	0.000000	0.000000	1.600000	1.000000	0.000000	2.384615
ÖFB-Cup  ÖFB-Cup	26.09.2018	2018	09	Mi	19:00	600	4	FC Pinzgau Saalfelden	SKN St. Pölten	-5.000000	0.000000	1.444444	0.000000	0.000000	0.800000	2.250000	0.000000	2.222222
ÖFB-Cup  ÖFB-Cup	26.09.2018	2018	09	Mi	18:30	5,300	3	SV Mattersburg	SK Rapid Wien	0.000000	0.111111	0.857143	-3.333333	0.166667	1.142857	0.571429	1.111111	1.500000
ÖFB-Cup  ÖFB-Cup	26.09.2018	2018	09	Mi	19:00	600	3	SC Neusiedl/See	FC Wacker Innsbruck	-2.000000	1.000000	-0.666667	1.000000	0.000000	-1.000000	-0.400000	3.000000	1.000000
Bundesliga  Bundesliga	29.09.2018	2018	09	Sa	17:00	4,655	3	Wolfsberger AC	Red Bull Salzburg	-3.000000	1.900000	2.066667	1.750000	0.833333	1.714286	2.375000	2.000000	2.733333
Bundesliga  Bundesliga	29.09.2018	2018	09	Sa	17:00	15,800	3	SK Rapid Wien	SKN St. Pölten	-2.000000	1.466667	1.800000	1.142857	0.500000	0.800000	2.800000	1.466667	2.300000
Bundesliga  Bundesliga	29.09.2018	2018	09	Sa	17:00	1,600	6	FC Admira Wacker Mödling	SC Rheindorf Altach	-2.000000	-0.181818	-0.200000	-1.400000	-1.166667	-1.000000	0.600000	0.636364	0.800000
Bundesliga  Bundesliga	30.09.2018	2018	09	So	14:30	4,058	4	TSV Hartberg	FK Austria Wien	-1.000000	0.800000	0.700000	0.800000	-1.400000	1.000000	0.400000	1.000000	1.900000
Bundesliga  Bundesliga	30.09.2018	2018	09	So	17:00	6,009	4	LASK	SK Sturm Graz	0.000000	2.142857	-0.785714	1.600000	1.777778	-0.666667	-0.875000	2.428571	1.071429
Bundesliga  Bundesliga	30.09.2018	2018	09	So	14:30	1,900	4	SV Mattersburg	FC Wacker Innsbruck	1.000000	0.100000	-0.400000	-2.500000	0.166667	-1.000000	0.000000	1.100000	1.200000
Europa League  Europa League	04.10.2018	2018	10	Do	18:55	24,085	5	Red Bull Salzburg	Celtic Glasgow	2.000000	2.500000	0.000000	1.714286	2.444444	0.000000	0.000000	2.750000	0.000000
Europa League  Europa League	04.10.2018	2018	10	Do	21:00	47,543	5	Glasgow Rangers	SK Rapid Wien	2.000000	0.000000	0.625000	0.000000	0.000000	0.750000	0.500000	0.000000	1.375000
Bundesliga  Bundesliga	06.10.2018	2018	10	Sa	17:00	3,712	6	SC Rheindorf Altach	FK Austria Wien	2.000000	0.636364	0.727273	-1.000000	0.833333	1.000000	0.500000	1.000000	2.000000
Bundesliga  Bundesliga	06.10.2018	2018	10	Sa	17:00	3,187	7	SKN St. Pölten	FC Admira Wacker Mödling	0.000000	1.909091	-1.333333	0.800000	2.666667	-1.500000	-1.166667	2.363636	0.583333
Bundesliga  Bundesliga	06.10.2018	2018	10	Sa	17:00	3,213	7	Wolfsberger AC	TSV Hartberg	-1.000000	1.454545	-0.363636	0.800000	0.833333	0.500000	-1.400000	1.818182	0.909091
Bundesliga  Bundesliga	07.10.2018	2018	10	So	17:00	11,147	7	SK Sturm Graz	Red Bull Salzburg	-1.000000	0.333333	2.117647	-0.666667	-0.777778	1.750000	2.444444	1.066667	2.764706
Bundesliga  Bundesliga	07.10.2018	2018	10	So	14:30	3,873	7	FC Wacker Innsbruck	LASK	1.000000	0.727273	1.600000	-1.000000	-0.142857	1.333333	1.777778	1.090909	2.333333
Bundesliga  Bundesliga	07.10.2018	2018	10	So	14:30	18,200	3	SK Rapid Wien	SV Mattersburg	1.000000	1.235294	-0.727273	0.750000	0.222222	-1.800000	0.166667	1.294118	1.272727
Bundesliga  Bundesliga	20.10.2018	2018	10	Sa	17:00	11,033	13	Red Bull Salzburg	FC Wacker Innsbruck	0.000000	2.444444	-0.333333	1.750000	2.300000	-0.600000	-0.142857	2.777778	1.250000
Bundesliga  Bundesliga	20.10.2018	2018	10	Sa	17:00	5,089	13	LASK	SC Rheindorf Altach	0.000000	1.875000	0.166667	1.333333	1.500000	-0.500000	0.833333	2.187500	1.166667
Bundesliga  Bundesliga	20.10.2018	2018	10	Sa	17:00	5,024	13	TSV Hartberg	SK Rapid Wien	3.000000	0.916667	0.500000	0.500000	-1.000000	0.777778	0.222222	1.083333	1.388889
Bundesliga  Bundesliga	21.10.2018	2018	10	So	17:00	11,265	15	FK Austria Wien	SK Sturm Graz	0.000000	0.916667	-0.750000	1.000000	0.142857	-0.714286	-0.777778	1.833333	1.000000
Bundesliga  Bundesliga	21.10.2018	2018	10	So	14:30	1,800	15	SV Mattersburg	SKN St. Pölten	2.000000	0.166667	1.666667	-1.800000	0.000000	0.666667	2.666667	1.166667	2.250000
Bundesliga  Bundesliga	21.10.2018	2018	10	So	14:30	1,700	15	FC Admira Wacker Mödling	Wolfsberger AC	0.000000	-0.307692	0.666667	-1.500000	-1.000000	0.500000	0.833333	0.615385	1.666667
Europa League  Europa League	25.10.2018	2018	10	Do	18:55	20,639	5	Red Bull Salzburg	Rosenborg BK	3.000000	2.315789	0.000000	1.555556	2.300000	0.000000	0.000000	2.684211	0.000000
Europa League  Europa League	25.10.2018	2018	10	Do	21:00	14,158	5	FC Villarreal	SK Rapid Wien	5.000000	0.000000	0.315789	0.000000	0.000000	0.777778	-0.100000	0.000000	1.315789
Bundesliga  Bundesliga	27.10.2018	2018	10	Sa	17:00	5,532	6	FC Wacker Innsbruck	FK Austria Wien	0.000000	0.769231	0.461538	-0.600000	-0.125000	0.833333	0.142857	1.230769	1.769231
Bundesliga  Bundesliga	27.10.2018	2018	10	Sa	17:00	5,024	6	TSV Hartberg	SK Sturm Graz	2.000000	1.076923	-0.705882	0.857143	-1.000000	-0.714286	-0.700000	1.230769	1.000000
Bundesliga  Bundesliga	27.10.2018	2018	10	Sa	17:00	1,600	6	SV Mattersburg	SC Rheindorf Altach	0.000000	0.307692	0.153846	-1.166667	0.000000	-0.500000	0.714286	1.307692	1.153846
Bundesliga  Bundesliga	28.10.2018	2018	10	So	17:00	6,009	3	LASK	Red Bull Salzburg	0.000000	1.764706	2.000000	1.142857	1.500000	1.700000	2.300000	2.117647	2.700000
Bundesliga  Bundesliga	28.10.2018	2018	10	So	14:30	2,586	7	Wolfsberger AC	SKN St. Pölten	1.000000	1.153846	1.384615	0.500000	0.714286	0.666667	2.000000	1.615385	2.076923
Bundesliga  Bundesliga	28.10.2018	2018	10	So	14:30	14,600	3	SK Rapid Wien	FC Admira Wacker Mödling	2.000000	1.100000	-1.142857	0.777778	-0.545455	-1.285714	-1.000000	1.250000	0.642857
ÖFB-Cup  ÖFB-Cup	30.10.2018	2018	10	Di	20:20	7,212	3	FK Austria Wien	Floridsdorfer AC	2.000000	0.785714	0.000000	0.833333	0.125000	0.000000	0.000000	1.714286	0.000000
ÖFB-Cup  ÖFB-Cup	30.10.2018	2018	10	Di	18:00	1,467	3	TSV Hartberg	FC Wacker Innsbruck	1.000000	1.142857	-0.285714	1.000000	-1.000000	-0.500000	-0.125000	1.357143	1.214286
ÖFB-Cup  ÖFB-Cup	31.10.2018	2018	10	Mi	18:30	3,500	3	SC Austria Lustenau	Red Bull Salzburg	-1.000000	0.000000	1.904762	0.000000	0.000000	1.700000	2.090909	0.000000	2.619048
ÖFB-Cup  ÖFB-Cup	31.10.2018	2018	10	Mi	18:30	2,243	3	SC Rheindorf Altach	LASK	-3.000000	0.785714	1.277778	-0.500000	0.625000	1.000000	1.500000	1.142857	2.055556
ÖFB-Cup  ÖFB-Cup	31.10.2018	2018	10	Mi	19:00	720	3	SV Lafnitz	SKN St. Pölten	-1.000000	0.000000	1.214286	0.000000	0.000000	0.666667	1.625000	0.000000	1.928571
ÖFB-Cup  ÖFB-Cup	31.10.2018	2018	10	Mi	18:00	3,755	3	Wolfsberger AC	SK Rapid Wien	-3.000000	1.142857	0.142857	0.571429	0.714286	0.900000	-0.545455	1.714286	1.333333
Bundesliga  Bundesliga	03.11.2018	2018	11	Sa	17:00	7,867	7	SK Sturm Graz	FC Wacker Innsbruck	0.000000	0.277778	-0.333333	-0.714286	-0.818182	-0.500000	-0.222222	0.944444	1.133333
Bundesliga  Bundesliga	03.11.2018	2018	11	Sa	17:00	4,071	3	SKN St. Pölten	LASK	0.000000	1.600000	1.368421	0.666667	1.555556	1.000000	1.636364	2.000000	2.105263
Bundesliga  Bundesliga	03.11.2018	2018	11	Sa	17:00	1,900	6	FC Admira Wacker Mödling	TSV Hartberg	-1.000000	-0.266667	0.200000	-1.285714	-1.125000	1.000000	-1.000000	0.600000	1.466667
Bundesliga  Bundesliga	04.11.2018	2018	11	So	14:30	8,540	5	FK Austria Wien	Wolfsberger AC	-1.000000	0.866667	0.400000	1.000000	0.125000	0.125000	0.714286	1.800000	1.600000
Bundesliga  Bundesliga	04.11.2018	2018	11	So	14:30	8,652	4	Red Bull Salzburg	SV Mattersburg	1.000000	2.318182	-0.500000	1.700000	2.000000	-1.000000	0.000000	2.636364	1.285714
Bundesliga  Bundesliga	04.11.2018	2018	11	So	17:00	5,038	4	SC Rheindorf Altach	SK Rapid Wien	0.000000	0.533333	0.272727	-0.857143	0.625000	0.900000	-0.250000	1.066667	1.409091
Europa League  Europa League	08.11.2018	2018	11	Do	21:00	12,386	4	Rosenborg BK	Red Bull Salzburg	-3.000000	0.000000	1.826087	0.000000	-3.000000	1.636364	2.000000	0.000000	2.652174
Europa League  Europa League	08.11.2018	2018	11	Do	18:55	22,100	4	SK Rapid Wien	FC Villarreal	0.000000	1.260870	5.000000	0.900000	-0.230769	5.000000	0.000000	1.391304	3.000000
Bundesliga  Bundesliga	10.11.2018	2018	11	Sa	17:00	9,218	7	SK Sturm Graz	SKN St. Pölten	0.000000	0.263158	1.125000	-0.625000	-0.818182	0.571429	1.555556	0.947368	1.937500
Bundesliga  Bundesliga	10.11.2018	2018	11	Sa	17:00	4,873	7	LASK	FC Admira Wacker Mödling	4.000000	1.750000	-1.187500	1.000000	1.500000	-1.250000	-1.125000	2.050000	0.562500
Bundesliga  Bundesliga	10.11.2018	2018	11	Sa	17:00	5,343	7	FC Wacker Innsbruck	SC Rheindorf Altach	1.000000	0.875000	-0.062500	-0.500000	-0.200000	-0.750000	0.625000	1.125000	1.062500
Bundesliga  Bundesliga	11.11.2018	2018	11	So	17:00	10,507	7	FK Austria Wien	Red Bull Salzburg	-2.000000	0.750000	1.875000	0.750000	0.125000	1.636364	2.076923	1.687500	2.666667
Bundesliga  Bundesliga	11.11.2018	2018	11	So	14:30	5,444	7	Wolfsberger AC	SK Rapid Wien	2.000000	1.000000	0.250000	0.125000	0.750000	0.818182	-0.230769	1.687500	1.375000
Bundesliga  Bundesliga	11.11.2018	2018	11	So	14:30	2,800	7	SV Mattersburg	TSV Hartberg	-1.000000	0.333333	0.250000	-1.000000	-0.125000	1.000000	-0.714286	1.200000	1.562500
Bundesliga  Bundesliga	24.11.2018	2018	11	Sa	17:00	2,857	13	FC Admira Wacker Mödling	FK Austria Wien	-1.000000	-0.235294	0.294118	-1.250000	-1.444444	0.444444	0.125000	0.529412	1.588235
Bundesliga  Bundesliga	24.11.2018	2018	11	Sa	17:00	4,870	13	TSV Hartberg	Red Bull Salzburg	-4.000000	1.294118	1.880000	1.000000	-0.500000	1.636364	2.071429	1.647059	2.680000
Bundesliga  Bundesliga	24.11.2018	2018	11	Sa	17:00	2,766	13	Wolfsberger AC	SV Mattersburg	0.000000	1.058824	-0.562500	0.333333	0.750000	-1.000000	-0.125000	1.764706	1.125000
Bundesliga  Bundesliga	25.11.2018	2018	11	So	14:30	3,876	15	SC Rheindorf Altach	SK Sturm Graz	-2.000000	0.470588	-0.700000	-0.750000	0.444444	-0.555556	-0.818182	1.000000	0.950000
Bundesliga  Bundesliga	25.11.2018	2018	11	So	17:00	17,600	15	SK Rapid Wien	LASK	-1.000000	1.200000	1.428571	0.818182	-0.357143	1.333333	1.500000	1.320000	2.095238
Bundesliga  Bundesliga	25.11.2018	2018	11	So	14:30	2,700	15	SKN St. Pölten	FC Wacker Innsbruck	2.000000	1.411765	-0.235294	0.571429	1.400000	-0.285714	-0.200000	1.882353	1.235294
Europa League  Europa League	29.11.2018	2018	11	Do	18:55	29,520	5	Red Bull Salzburg	RasenBallsport Leipzig	1.000000	2.423077	-1.000000	1.636364	2.200000	-1.000000	0.000000	2.692308	0.000000
Europa League  Europa League	29.11.2018	2018	11	Do	16:50	20,739	4	Spartak Moskau	SK Rapid Wien	-1.000000	0.000000	0.115385	0.000000	-2.000000	0.666667	-0.357143	0.000000	1.269231
Bundesliga  Bundesliga	01.12.2018	2018	12	Sa	17:00	9,025	7	FK Austria Wien	SKN St. Pölten	2.000000	0.666667	1.111111	0.444444	0.222222	0.750000	1.400000	1.666667	1.944444
Bundesliga  Bundesliga	01.12.2018	2018	12	Sa	17:00	4,957	6	LASK	TSV Hartberg	0.000000	1.818182	0.055556	1.333333	1.461538	0.500000	-0.500000	2.136364	1.555556
Bundesliga  Bundesliga	01.12.2018	2018	12	Sa	17:00	1,550	7	SV Mattersburg	FC Admira Wacker Mödling	0.000000	0.352941	-1.333333	-1.000000	-0.111111	-1.222222	-1.444444	1.117647	0.500000
Bundesliga  Bundesliga	02.12.2018	2018	12	So	17:00	8,074	7	SK Sturm Graz	Wolfsberger AC	3.000000	0.333333	0.500000	-0.555556	-0.583333	0.300000	0.750000	1.047619	1.722222
Bundesliga  Bundesliga	02.12.2018	2018	12	So	14:30	5,797	3	Red Bull Salzburg	SC Rheindorf Altach	1.000000	2.370370	-0.222222	1.583333	2.200000	-0.888889	0.444444	2.703704	0.944444
Bundesliga  Bundesliga	02.12.2018	2018	12	So	14:30	7,665	3	FC Wacker Innsbruck	SK Rapid Wien	-1.000000	0.833333	0.148148	-0.285714	-0.363636	0.666667	-0.266667	1.166667	1.333333
Bundesliga  Bundesliga	08.12.2018	2018	12	Sa	17:00	1,900	6	FC Admira Wacker Mödling	Red Bull Salzburg	0.000000	-0.157895	1.892857	-1.222222	-1.300000	1.538462	2.200000	0.526316	2.714286
Bundesliga  Bundesliga	08.12.2018	2018	12	Sa	17:00	2,655	7	Wolfsberger AC	LASK	0.000000	0.947368	1.347826	0.300000	0.333333	1.200000	1.461538	1.631579	2.086957
Bundesliga  Bundesliga	08.12.2018	2018	12	Sa	17:00	2,143	7	SKN St. Pölten	SC Rheindorf Altach	1.000000	1.368421	-0.263158	0.750000	1.090909	-0.888889	0.300000	1.842105	0.894737
Bundesliga  Bundesliga	09.12.2018	2018	12	So	14:30	2,700	8	SV Mattersburg	FK Austria Wien	1.000000	0.333333	0.421053	-0.888889	-0.111111	0.600000	0.222222	1.111111	1.736842
Bundesliga  Bundesliga	09.12.2018	2018	12	So	17:00	17,700	7	SK Rapid Wien	SK Sturm Graz	0.000000	1.142857	-0.409091	0.666667	-0.187500	-0.200000	-0.583333	1.392857	1.136364
Bundesliga  Bundesliga	09.12.2018	2018	12	So	14:30	2,733	7	TSV Hartberg	FC Wacker Innsbruck	0.000000	1.105263	-0.368421	0.500000	-0.444444	-0.375000	-0.363636	1.526316	1.105263
Europa League  Europa League	13.12.2018	2018	12	Do	21:00	56,578	5	Celtic Glasgow	Red Bull Salzburg	-1.000000	1.000000	1.827586	0.000000	-2.000000	1.538462	2.062500	0.000000	2.655172
Europa League  Europa League	13.12.2018	2018	12	Do	18:55	23,850	4	SK Rapid Wien	Glasgow Rangers	1.000000	1.103448	2.000000	0.615385	-0.187500	2.000000	0.000000	1.379310	3.000000
Bundesliga  Bundesliga	15.12.2018	2018	12	Sa	17:00	7,048	6	SK Sturm Graz	FC Admira Wacker Mödling	3.000000	0.434783	-1.200000	-0.200000	-0.538462	-1.100000	-1.300000	1.130435	0.550000
Bundesliga  Bundesliga	15.12.2018	2018	12	Sa	17:00	4,797	7	LASK	SV Mattersburg	1.000000	1.708333	-0.421053	1.200000	1.357143	-0.700000	-0.111111	2.041667	1.210526
Bundesliga  Bundesliga	15.12.2018	2018	12	Sa	17:00	2,035	7	FC Wacker Innsbruck	Wolfsberger AC	0.000000	0.800000	0.300000	-0.375000	-0.333333	0.272727	0.333333	1.100000	1.600000
Bundesliga  Bundesliga	16.12.2018	2018	12	So	17:00	16,582	7	FK Austria Wien	SK Rapid Wien	5.000000	0.750000	0.200000	0.600000	0.100000	0.642857	-0.187500	1.650000	1.433333
Bundesliga  Bundesliga	16.12.2018	2018	12	So	14:30	5,727	3	Red Bull Salzburg	SKN St. Pölten	4.000000	2.300000	0.950000	1.538462	2.000000	0.777778	1.090909	2.666667	1.900000
Bundesliga  Bundesliga	16.12.2018	2018	12	So	14:30	2,543	8	SC Rheindorf Altach	TSV Hartberg	5.000000	0.350000	0.050000	-0.888889	0.181818	0.454545	-0.444444	0.850000	1.500000
Europa League  Europa League	14.02.2019	2019	02	Do	21:00	16,457	60	FC Brügge	Red Bull Salzburg	1.000000	0.000000	1.870968	0.000000	0.000000	1.714286	2.000000	0.000000	2.677419
Europa League  Europa League	14.02.2019	2019	02	Do	18:55	23,850	60	SK Rapid Wien	Inter Mailand	-1.000000	1.096774	0.000000	0.642857	-0.470588	0.000000	0.000000	1.387097	0.000000
ÖFB-Cup  ÖFB-Cup	15.02.2019	2019	02	Fr	19:00	12,295	61	Grazer AK 1902	FK Austria Wien	1.000000	0.000000	0.571429	0.000000	0.000000	1.000000	0.100000	0.000000	1.714286
ÖFB-Cup  ÖFB-Cup	16.02.2019	2019	02	Sa	12:00	5,328	63	LASK	SKN St. Pölten	6.000000	1.680000	0.714286	1.181818	1.357143	0.777778	0.666667	2.080000	1.809524
ÖFB-Cup  ÖFB-Cup	17.02.2019	2019	02	So	15:00	2,170	3	SC Wiener Neustadt	Red Bull Salzburg	-1.000000	0.000000	1.781250	0.000000	0.000000	1.714286	1.833333	0.000000	2.593750
ÖFB-Cup  ÖFB-Cup	17.02.2019	2019	02	So	17:15	12,700	3	SK Rapid Wien	TSV Hartberg	3.000000	1.031250	-0.190476	0.533333	-0.470588	0.454545	-0.900000	1.343750	1.428571
Europa League  Europa League	21.02.2019	2019	02	Do	18:55	24,717	4	Red Bull Salzburg	FC Brügge	4.000000	2.303030	1.000000	1.714286	1.789474	1.000000	0.000000	2.606061	3.000000
Bundesliga  Bundesliga	22.02.2019	2019	02	Fr	19:30	6,009	7	LASK	FK Austria Wien	2.000000	1.846154	0.500000	1.583333	1.357143	1.000000	0.000000	2.115385	1.636364
Bundesliga  Bundesliga	23.02.2019	2019	02	Sa	17:00	3,198	70	Wolfsberger AC	SC Rheindorf Altach	0.000000	0.857143	-0.047619	0.272727	0.300000	-0.300000	0.181818	1.571429	0.952381
Bundesliga  Bundesliga	23.02.2019	2019	02	Sa	17:00	1,957	70	FC Admira Wacker Mödling	FC Wacker Innsbruck	3.000000	-0.142857	-0.333333	-1.100000	-1.454545	-0.333333	-0.333333	0.523810	1.095238
Bundesliga  Bundesliga	24.02.2019	2019	02	So	14:30	6,200	71	SV Mattersburg	SK Sturm Graz	0.000000	0.400000	-0.250000	-0.700000	-0.200000	0.090909	-0.538462	1.150000	1.208333
Bundesliga  Bundesliga	24.02.2019	2019	02	So	17:00	19,440	3	SK Rapid Wien	Red Bull Salzburg	2.000000	1.090909	1.823529	0.687500	-0.470588	1.866667	1.789474	1.393939	2.617647
Bundesliga  Bundesliga	24.02.2019	2019	02	So	14:30	1,965	8	TSV Hartberg	SKN St. Pölten	0.000000	1.090909	0.409091	0.454545	-1.090909	0.777778	0.153846	1.363636	1.727273
Bundesliga  Bundesliga	02.03.2019	2019	03	Sa	17:00	6,111	6	Red Bull Salzburg	Wolfsberger AC	3.000000	2.285714	0.272727	1.866667	1.600000	0.250000	0.300000	2.542857	1.545455
Bundesliga  Bundesliga	02.03.2019	2019	03	Sa	17:00	7,195	6	SKN St. Pölten	SK Rapid Wien	-4.000000	1.260870	0.147059	0.777778	0.142857	0.764706	-0.470588	1.695652	1.441176
Bundesliga  Bundesliga	02.03.2019	2019	03	Sa	17:00	3,618	7	SC Rheindorf Altach	FC Admira Wacker Mödling	-1.000000	0.545455	-1.090909	-0.300000	0.166667	-0.727273	-1.454545	0.954545	0.636364
Bundesliga  Bundesliga	03.03.2019	2019	03	So	14:30	8,422	9	FK Austria Wien	TSV Hartberg	2.000000	0.913043	-0.304348	1.000000	-0.166667	0.416667	-1.090909	1.565217	1.347826
Bundesliga  Bundesliga	03.03.2019	2019	03	So	14:30	11,154	7	SK Sturm Graz	LASK	-3.000000	0.560000	1.481481	0.090909	-0.500000	1.615385	1.357143	1.200000	2.148148
Bundesliga  Bundesliga	03.03.2019	2019	03	So	17:00	2,873	7	FC Wacker Innsbruck	SV Mattersburg	-1.000000	0.727273	-0.428571	-0.333333	-0.538462	-0.636364	-0.200000	1.045455	1.142857
Europa League  Europa League	07.03.2019	2019	03	Do	21:00	32,579	5	SSC Neapel	Red Bull Salzburg	3.000000	0.000000	1.750000	0.000000	0.000000	1.937500	1.600000	0.000000	2.555556
Bundesliga  Bundesliga	10.03.2019	2019	03	So	17:00	9,380	7	FK Austria Wien	SC Rheindorf Altach	-2.000000	0.958333	-0.086957	1.083333	-0.166667	-0.363636	0.166667	1.625000	0.913043
Bundesliga  Bundesliga	10.03.2019	2019	03	So	17:00	10,142	7	Red Bull Salzburg	SK Sturm Graz	0.000000	2.243243	-0.346154	1.937500	1.380952	-0.166667	-0.500000	2.486486	1.153846
Bundesliga  Bundesliga	10.03.2019	2019	03	So	17:00	5,521	7	LASK	FC Wacker Innsbruck	2.000000	1.892857	-0.478261	1.615385	1.466667	-0.400000	-0.538462	2.178571	1.000000
Bundesliga  Bundesliga	10.03.2019	2019	03	So	17:00	2,350	8	FC Admira Wacker Mödling	SKN St. Pölten	1.000000	0.043478	0.208333	-0.727273	-1.250000	0.300000	0.142857	0.739130	1.625000
Bundesliga  Bundesliga	10.03.2019	2019	03	So	17:00	3,678	8	TSV Hartberg	Wolfsberger AC	0.000000	1.083333	0.130435	0.416667	-1.166667	0.250000	0.000000	1.291667	1.478261
Bundesliga  Bundesliga	10.03.2019	2019	03	So	17:00	10,200	8	SV Mattersburg	SK Rapid Wien	1.000000	0.409091	0.257143	-0.636364	-0.090909	0.764706	-0.222222	1.227273	1.485714
Europa League  Europa League	14.03.2019	2019	03	Do	18:55	29,520	4	Red Bull Salzburg	SSC Neapel	2.000000	2.184211	3.000000	1.823529	1.380952	3.000000	0.000000	2.447368	3.000000
Bundesliga  Bundesliga	17.03.2019	2019	03	So	17:00	14,643	7	SK Sturm Graz	FK Austria Wien	1.000000	0.407407	0.360000	-0.166667	-0.466667	0.846154	-0.166667	1.148148	1.560000
Bundesliga  Bundesliga	17.03.2019	2019	03	So	17:00	6,476	3	FC Wacker Innsbruck	Red Bull Salzburg	-2.000000	0.625000	1.589744	-0.400000	-0.642857	1.833333	1.380952	0.958333	2.461538
Bundesliga  Bundesliga	17.03.2019	2019	03	So	17:00	4,072	7	SC Rheindorf Altach	LASK	-1.000000	0.583333	1.551724	-0.363636	0.307692	1.642857	1.466667	1.000000	2.206897
Bundesliga  Bundesliga	17.03.2019	2019	03	So	17:00	3,041	7	SKN St. Pölten	SV Mattersburg	-1.000000	1.080000	-0.304348	0.300000	0.066667	-0.500000	-0.090909	1.560000	1.304348
Bundesliga  Bundesliga	17.03.2019	2019	03	So	17:00	4,488	7	Wolfsberger AC	FC Admira Wacker Mödling	0.000000	0.791667	-0.916667	0.250000	0.000000	-0.583333	-1.250000	1.458333	0.833333
Bundesliga  Bundesliga	17.03.2019	2019	03	So	17:00	19,200	7	SK Rapid Wien	TSV Hartberg	0.000000	1.194444	-0.360000	0.764706	-0.263158	0.384615	-1.166667	1.444444	1.280000
Bundesliga  Bundesliga	30.03.2019	2019	03	Sa	17:00	11,600	13	SK Rapid Wien	FC Admira Wacker Mödling	3.000000	1.162162	-0.880000	0.722222	-0.263158	-0.583333	-1.153846	1.432432	0.840000
Bundesliga  Bundesliga	30.03.2019	2019	03	Sa	17:00	4,048	13	SC Rheindorf Altach	SV Mattersburg	1.000000	0.520000	-0.250000	-0.416667	0.307692	-0.500000	0.000000	0.960000	1.375000
Bundesliga  Bundesliga	30.03.2019	2019	03	Sa	17:00	4,635	13	TSV Hartberg	FC Wacker Innsbruck	-2.000000	1.076923	-0.600000	0.384615	-1.076923	-0.545455	-0.642857	1.269231	0.920000
Bundesliga  Bundesliga	31.03.2019	2019	03	So	17:00	10,228	14	Red Bull Salzburg	FK Austria Wien	4.000000	2.175000	0.307692	1.833333	1.409091	0.846154	-0.230769	2.475000	1.500000
Bundesliga  Bundesliga	31.03.2019	2019	03	So	14:30	8,567	14	SK Sturm Graz	SKN St. Pölten	-1.000000	0.428571	0.115385	-0.076923	-0.466667	0.181818	0.066667	1.214286	1.500000
Bundesliga  Bundesliga	31.03.2019	2019	03	So	14:30	3,691	14	Wolfsberger AC	LASK	-3.000000	0.760000	1.533333	0.230769	0.000000	1.642857	1.437500	1.440000	2.233333
ÖFB-Cup  ÖFB-Cup	03.04.2019	2019	04	Mi	18:00	13,301	3	Grazer AK 1902	Red Bull Salzburg	-6.000000	1.000000	1.658537	1.000000	0.000000	1.947368	1.409091	3.000000	2.487805
ÖFB-Cup  ÖFB-Cup	03.04.2019	2019	04	Mi	20:30	6,087	3	LASK	SK Rapid Wien	0.000000	1.935484	0.289474	1.642857	1.529412	0.842105	-0.263158	2.258065	1.473684
Bundesliga  Bundesliga	06.04.2019	2019	04	Sa	17:00	7,413	3	FC Wacker Innsbruck	SK Rapid Wien	-2.000000	0.576923	0.282051	-0.545455	-0.466667	0.842105	-0.250000	1.000000	1.461538
Bundesliga  Bundesliga	06.04.2019	2019	04	Sa	17:00	1,850	7	FC Admira Wacker Mödling	SC Rheindorf Altach	0.000000	0.153846	0.000000	-0.583333	-1.285714	-0.307692	0.307692	0.807692	1.038462
Bundesliga  Bundesliga	06.04.2019	2019	04	Sa	17:00	2,000	7	SV Mattersburg	TSV Hartberg	3.000000	0.480000	-0.407407	-0.500000	-0.076923	0.214286	-1.076923	1.320000	1.222222
Bundesliga  Bundesliga	07.04.2019	2019	04	So	14:30	10,150	7	FK Austria Wien	SK Sturm Graz	-1.000000	0.814815	-0.310345	0.846154	-0.500000	-0.142857	-0.466667	1.444444	1.172414
Bundesliga  Bundesliga	07.04.2019	2019	04	So	17:00	6,087	4	LASK	Red Bull Salzburg	-2.000000	1.875000	1.761905	1.533333	1.529412	1.947368	1.608696	2.218750	2.500000
Bundesliga  Bundesliga	07.04.2019	2019	04	So	14:30	2,277	7	SKN St. Pölten	Wolfsberger AC	-2.000000	1.000000	0.000000	0.181818	0.125000	0.000000	0.000000	1.555556	1.384615
Bundesliga  Bundesliga	13.04.2019	2019	04	Sa	17:00	12,300	7	SK Rapid Wien	SV Mattersburg	1.000000	1.225000	-0.153846	0.842105	-0.142857	-0.230769	-0.076923	1.500000	1.384615
Bundesliga  Bundesliga	13.04.2019	2019	04	Sa	17:00	2,363	7	FC Wacker Innsbruck	FC Admira Wacker Mödling	-2.000000	0.481481	-0.925926	-0.666667	-0.466667	-0.538462	-1.285714	0.962963	0.814815
Bundesliga  Bundesliga	13.04.2019	2019	04	Sa	17:00	1,832	7	TSV Hartberg	SC Rheindorf Altach	-1.000000	0.928571	0.000000	0.214286	-1.214286	-0.307692	0.285714	1.178571	1.037037
Bundesliga  Bundesliga	14.04.2019	2019	04	So	14:30	3,357	7	Wolfsberger AC	FK Austria Wien	0.000000	0.703704	0.107143	0.000000	0.153846	0.714286	-0.500000	1.444444	1.392857
Bundesliga  Bundesliga	14.04.2019	2019	04	So	17:00	11,133	7	Red Bull Salzburg	SK Sturm Graz	2.000000	2.302326	-0.266667	1.947368	1.625000	-0.142857	-0.375000	2.511628	1.233333
Bundesliga  Bundesliga	14.04.2019	2019	04	So	14:30	5,187	7	LASK	SKN St. Pölten	0.000000	1.757576	0.071429	1.312500	1.529412	0.000000	0.125000	2.151515	1.500000
Bundesliga  Bundesliga	20.04.2019	2019	04	Sa	17:00	5,912	7	SC Rheindorf Altach	SK Rapid Wien	0.000000	0.571429	0.341463	-0.307692	0.333333	0.850000	-0.142857	1.107143	1.536585
Bundesliga  Bundesliga	20.04.2019	2019	04	Sa	17:00	1,800	7	SV Mattersburg	FC Wacker Innsbruck	2.000000	0.592593	-0.607143	-0.230769	-0.142857	-0.769231	-0.466667	1.333333	0.928571
Bundesliga  Bundesliga	21.04.2019	2019	04	So	17:00	8,050	7	FK Austria Wien	LASK	0.000000	0.758621	1.382353	0.714286	-0.466667	1.235294	1.529412	1.379310	2.117647
Bundesliga  Bundesliga	21.04.2019	2019	04	So	14:30	9,376	7	SK Sturm Graz	Wolfsberger AC	-1.000000	0.419355	0.071429	-0.142857	-0.470588	0.000000	0.153846	1.193548	1.428571
Bundesliga  Bundesliga	21.04.2019	2019	04	So	14:30	3,514	7	SKN St. Pölten	Red Bull Salzburg	0.000000	0.862069	1.772727	0.000000	0.117647	1.950000	1.625000	1.482759	2.522727
Bundesliga  Bundesliga	23.04.2019	2019	04	Di	19:00	4,000	3	TSV Hartberg	SK Rapid Wien	-2.000000	0.862069	0.333333	0.133333	-1.214286	0.850000	-0.136364	1.137931	1.523810
Bundesliga  Bundesliga	23.04.2019	2019	04	Di	19:00	1,600	3	FC Admira Wacker Mödling	SV Mattersburg	-2.000000	0.250000	-0.107143	-0.538462	-1.066667	-0.071429	-0.142857	0.892857	1.392857
Bundesliga  Bundesliga	23.04.2019	2019	04	Di	19:00	2,782	3	FC Wacker Innsbruck	SC Rheindorf Altach	-4.000000	0.413793	0.034483	-0.769231	-0.562500	-0.285714	0.333333	0.896552	1.103448
Bundesliga  Bundesliga	24.04.2019	2019	04	Mi	19:00	7,850	3	FK Austria Wien	SKN St. Pölten	0.000000	0.733333	0.066667	0.666667	-0.466667	0.000000	0.117647	1.366667	1.466667
Bundesliga  Bundesliga	24.04.2019	2019	04	Mi	19:00	5,652	3	LASK	SK Sturm Graz	-1.000000	1.714286	-0.343750	1.235294	1.444444	-0.200000	-0.470588	2.085714	1.156250
Bundesliga  Bundesliga	24.04.2019	2019	04	Mi	19:00	6,181	3	Red Bull Salzburg	Wolfsberger AC	2.000000	2.266667	0.103448	1.950000	1.560000	0.000000	0.214286	2.488889	1.482759
Bundesliga  Bundesliga	27.04.2019	2019	04	Sa	17:00	13,100	4	SK Rapid Wien	TSV Hartberg	-1.000000	1.302326	-0.566667	0.850000	-0.043478	0.000000	-1.214286	1.558140	1.100000
Bundesliga  Bundesliga	27.04.2019	2019	04	Sa	17:00	1,800	4	SV Mattersburg	FC Admira Wacker Mödling	0.000000	0.689655	-0.862069	-0.071429	0.000000	-0.642857	-1.066667	1.448276	0.862069
Bundesliga  Bundesliga	27.04.2019	2019	04	Sa	17:00	4,087	4	SC Rheindorf Altach	FC Wacker Innsbruck	-3.000000	0.666667	-0.766667	-0.285714	0.562500	-1.000000	-0.562500	1.166667	0.866667
Bundesliga  Bundesliga	28.04.2019	2019	04	So	14:30	4,020	4	SKN St. Pölten	FK Austria Wien	-1.000000	0.870968	0.096774	0.000000	0.111111	0.625000	-0.466667	1.451613	1.354839
Bundesliga  Bundesliga	28.04.2019	2019	04	So	17:00	9,267	4	SK Sturm Graz	LASK	-1.000000	0.424242	1.277778	-0.200000	-0.388889	1.111111	1.444444	1.212121	2.027778
Bundesliga  Bundesliga	28.04.2019	2019	04	So	14:30	3,409	4	Wolfsberger AC	Red Bull Salzburg	1.000000	0.733333	1.739130	0.000000	0.066667	1.952381	1.560000	1.433333	2.500000
ÖFB-Cup  ÖFB-Cup	01.05.2019	2019	05	Mi	16:30	24,200	3	Red Bull Salzburg	SK Rapid Wien	2.000000	2.234043	0.340909	1.952381	1.461538	0.761905	-0.043478	2.446809	1.522727
Bundesliga  Bundesliga	04.05.2019	2019	05	Sa	17:00	3,800	3	FC Admira Wacker Mödling	SK Rapid Wien	-1.000000	0.200000	0.288889	-0.642857	-1.000000	0.761905	-0.125000	0.866667	1.488889
Bundesliga  Bundesliga	04.05.2019	2019	05	Sa	17:00	4,217	7	FC Wacker Innsbruck	TSV Hartberg	1.000000	0.387097	-0.516129	-1.000000	-0.352941	0.000000	-1.066667	0.935484	1.161290
Bundesliga  Bundesliga	05.05.2019	2019	05	So	17:00	9,578	7	FK Austria Wien	Red Bull Salzburg	-1.000000	0.750000	1.687500	0.625000	-0.375000	1.954545	1.461538	1.406250	2.458333
Bundesliga  Bundesliga	05.05.2019	2019	05	So	14:30	3,337	7	SKN St. Pölten	SK Sturm Graz	-1.000000	0.812500	-0.323529	-0.071429	0.111111	-0.250000	-0.388889	1.406250	1.176471
Bundesliga  Bundesliga	05.05.2019	2019	05	So	14:30	5,342	7	LASK	Wolfsberger AC	3.000000	1.675676	0.064516	1.111111	1.421053	0.062500	0.066667	2.054054	1.483871
Bundesliga  Bundesliga	11.05.2019	2019	05	Sa	17:00	13,800	7	SK Rapid Wien	FC Wacker Innsbruck	1.000000	1.282609	-0.593750	0.761905	-0.080000	-0.866667	-0.352941	1.521739	1.000000
Bundesliga  Bundesliga	11.05.2019	2019	05	Sa	17:00	3,508	7	SC Rheindorf Altach	FC Admira Wacker Mödling	0.000000	0.548387	-0.838710	-0.466667	0.562500	-0.666667	-1.000000	1.129032	0.838710
Bundesliga  Bundesliga	11.05.2019	2019	05	Sa	17:00	2,312	7	TSV Hartberg	SV Mattersburg	1.000000	0.843750	-0.033333	0.000000	-1.062500	-0.066667	0.000000	1.125000	1.433333
Bundesliga  Bundesliga	12.05.2019	2019	05	So	14:30	8,168	7	SK Sturm Graz	FK Austria Wien	-2.000000	0.400000	0.090909	-0.250000	-0.315789	0.529412	-0.375000	1.228571	1.363636
Bundesliga  Bundesliga	12.05.2019	2019	05	So	17:00	11,457	7	Red Bull Salzburg	LASK	1.000000	2.224490	1.315789	1.954545	1.444444	1.210526	1.421053	2.469388	2.078947
Bundesliga  Bundesliga	12.05.2019	2019	05	So	14:30	2,916	7	Wolfsberger AC	SKN St. Pölten	4.000000	0.718750	0.000000	0.062500	-0.125000	-0.133333	0.111111	1.437500	1.363636
Bundesliga  Bundesliga	18.05.2019	2019	05	Sa	17:00	4,200	7	SV Mattersburg	SK Rapid Wien	1.000000	0.677419	0.319149	-0.066667	-0.062500	0.772727	-0.080000	1.387097	1.553191
Bundesliga  Bundesliga	18.05.2019	2019	05	Sa	17:00	3,850	7	FC Admira Wacker Mödling	FC Wacker Innsbruck	1.000000	0.218750	-0.606061	-0.666667	-0.941176	-0.866667	-0.388889	0.843750	0.969697
Bundesliga  Bundesliga	18.05.2019	2019	05	Sa	17:00	4,700	7	SC Rheindorf Altach	TSV Hartberg	2.000000	0.531250	-0.484848	-0.437500	0.562500	0.058824	-1.062500	1.125000	1.181818
